salary_id,employee_id,effective_date,monthly_salary,reason
1,2001,2024-03-23,139971,Adjustment
2,2001,2023-12-31,126724,Annual Review
3,2002,2022-07-31,115565,Hire
4,2002,2021-08-19,84574,Hire
5,2003,2024-06-23,65066,Hire
6,2003,2024-09-29,175017,Annual Review
7,2003,2024-12-23,64418,Annual Review
8,2004,2024-05-15,147158,Annual Review
9,2004,2024-08-07,121257,Adjustment
10,2004,2023-02-25,165538,Promotion
11,2005,2021-12-08,84635,Hire
12,2006,2022-11-04,148023,Hire
13,2006,2024-02-22,134837,Promotion
14,2006,2022-03-18,52404,Hire
15,2007,2021-05-31,48156,Annual Review
16,2007,2021-01-02,84999,Annual Review
17,2008,2020-12-30,49694,Adjustment
18,2008,2021-10-09,104549,Annual Review
19,2009,2022-08-05,67799,Annual Review
20,2009,2022-09-15,125288,Adjustment
21,2009,2024-08-13,177228,Annual Review
22,2010,2023-09-17,75645,Promotion
23,2011,2022-11-11,112614,Promotion
24,2011,2024-02-23,168387,Annual Review
25,2011,2024-07-17,133369,Hire
26,2012,2023-07-19,53312,Hire
27,2013,2020-12-13,81972,Adjustment
28,2013,2023-04-27,98294,Hire
29,2014,2024-02-11,155135,Hire
30,2014,2025-10-06,117504,Annual Review
31,2015,2023-11-24,156373,Promotion
32,2015,2025-12-16,105780,Promotion
33,2015,2025-01-24,141458,Hire
34,2016,2019-10-02,98620,Annual Review
35,2017,2021-05-07,119124,Hire
36,2017,2020-05-15,79590,Annual Review
37,2017,2021-12-13,135196,Hire
38,2018,2024-08-13,176693,Adjustment
39,2018,2024-06-10,152781,Annual Review
40,2018,2022-10-01,35973,Adjustment
41,2019,2025-10-25,93786,Hire
42,2020,2022-05-21,156403,Promotion
43,2020,2021-07-02,69245,Promotion
44,2021,2023-09-09,60346,Annual Review
45,2021,2022-07-29,140633,Promotion
46,2022,2020-11-05,125417,Annual Review
47,2023,2031-11-07,111942,Annual Review
48,2023,2030-08-13,140147,Annual Review
49,2024,2022-09-05,83063,Annual Review
50,2025,2020-09-22,165017,Annual Review
51,2026,2022-06-15,177003,Hire
52,2026,2022-12-31,173774,Hire
53,2027,2021-11-05,92450,Annual Review
54,2027,2021-05-14,100252,Hire
55,2027,2023-07-20,81904,Annual Review
56,2028,2023-03-18,66000,Promotion
57,2029,2020-12-19,37599,Hire
58,2029,2019-05-16,122636,Annual Review
59,2030,2026-02-07,35018,Annual Review
60,2030,2024-12-30,166930,Promotion
61,2031,2022-08-25,105916,Promotion
62,2032,2026-07-29,154193,Hire
63,2033,2026-06-16,72487,Hire
64,2033,2026-05-02,179015,Hire
65,2033,2024-08-28,137342,Adjustment
66,2034,2023-11-24,53836,Annual Review
67,2034,2024-11-15,136150,Annual Review
68,2035,2025-09-02,46394,Hire
69,2036,2020-08-07,159660,Annual Review
70,2036,2021-03-24,145599,Hire
71,2036,2019-10-05,60280,Annual Review
72,2037,2023-10-12,112318,Hire
73,2037,2022-05-24,167231,Hire
74,2038,2020-08-17,87712,Hire
75,2038,2020-09-12,144578,Hire
76,2038,2022-10-09,172661,Annual Review
77,2039,2022-11-16,58233,Annual Review
78,2039,2023-02-17,43177,Hire
79,2040,2024-02-23,149506,Hire
80,2041,2021-05-29,96351,Promotion
81,2041,2020-09-02,126908,Hire
82,2041,2020-12-18,86827,Adjustment
83,2042,2021-11-10,115501,Promotion
84,2043,2020-11-10,50611,Adjustment
85,2044,2026-07-06,76003,Promotion
86,2044,2026-03-30,177412,Annual Review
87,2044,2025-03-05,131629,Hire
88,2045,2018-12-23,143610,Promotion
89,2046,2020-08-04,118035,Hire
90,2047,2023-01-07,144322,Adjustment
91,2047,2023-03-31,89515,Annual Review
92,2048,2021-02-09,144446,Annual Review
93,2049,2025-02-12,94789,Hire
94,2050,2019-04-08,67191,Adjustment
95,2050,2019-12-14,94488,Annual Review
96,2050,2019-10-17,122457,Hire
97,2051,2021-06-10,137476,Promotion
98,2052,2023-11-23,109525,Annual Review
99,2053,2020-02-07,48740,Promotion
100,2054,2020-11-16,179174,Adjustment
101,2055,2018-06-06,164677,Promotion
102,2055,2020-05-22,148917,Hire
103,2056,2024-12-13,60221,Annual Review
104,2056,2023-12-06,98265,Annual Review
105,2056,2025-10-14,35719,Promotion
106,2057,2023-10-10,167141,Promotion
107,2057,2024-03-10,89714,Annual Review
108,2057,2023-09-07,108285,Hire
109,2058,2019-06-30,79035,Promotion
110,2058,2020-08-07,161687,Hire
111,2058,2019-06-03,131256,Annual Review
112,2059,2021-03-15,53540,Hire
113,2059,2021-07-07,108480,Annual Review
114,2060,2019-06-18,113283,Adjustment
115,2060,2019-06-27,89781,Hire
116,2060,2018-12-30,42087,Annual Review
117,2061,2020-12-30,57789,Hire
118,2061,2019-04-02,168271,Annual Review
119,2061,2021-07-06,122273,Annual Review
120,2062,2020-04-05,150310,Annual Review
121,2062,2022-06-09,133231,Hire
122,2062,2022-08-18,48894,Annual Review
123,2063,2021-07-19,88095,Hire
124,2064,2021-07-03,89021,Adjustment
125,2065,2022-08-08,68645,Adjustment
126,2066,2023-08-02,80311,Promotion
127,2067,2024-11-14,59967,Hire
128,2067,2024-10-02,63478,Annual Review
129,2068,2025-04-12,75332,Hire
130,2069,2024-08-15,74313,Promotion
131,2069,2025-06-19,102857,Annual Review
132,2069,2023-03-01,80900,Adjustment
133,2070,2024-12-10,161861,Hire
134,2070,2022-10-06,76098,Hire
135,2071,2025-01-13,131784,Annual Review
136,2071,2025-11-05,75626,Annual Review
137,2071,2024-09-19,55703,Promotion
138,2072,2024-01-15,169277,Hire
139,2072,2023-10-28,46628,Hire
140,2073,2020-06-23,41518,Annual Review
141,2073,2020-09-04,174018,Hire
142,2074,2024-08-21,69311,Adjustment
143,2074,2023-06-04,161419,Promotion
144,2074,2024-03-26,76876,Annual Review
145,2075,2021-11-10,85333,Hire
146,2076,2024-10-14,119192,Annual Review
147,2076,2026-04-11,76811,Annual Review
148,2076,2025-07-15,105072,Annual Review
149,2077,2019-01-15,77974,Adjustment
150,2078,2019-12-08,116983,Hire
151,2079,2018-09-26,135037,Promotion
152,2079,2019-06-14,102078,Hire
153,2079,2019-01-13,142767,Annual Review
154,2080,2019-01-14,56601,Annual Review
155,2080,2019-08-18,138691,Adjustment
156,2081,2024-02-07,46246,Hire
157,2082,2024-12-18,41028,Hire
158,2082,2025-02-04,154247,Annual Review
159,2082,2025-11-03,86901,Annual Review
160,2083,2019-07-24,172378,Hire
161,2084,2022-02-20,62678,Annual Review
162,2085,2022-01-15,47363,Hire
163,2086,2019-09-28,98804,Hire
164,2086,2020-08-20,149433,Hire
165,2086,2020-01-24,83544,Hire
166,2087,2024-01-05,46752,Annual Review
167,2087,2022-05-28,42482,Promotion
168,2088,2025-09-28,158056,Annual Review
169,2089,2024-09-05,35799,Hire
170,2090,2022-12-10,156691,Hire
171,2090,2024-11-12,176006,Promotion
172,2091,2020-03-09,94223,Annual Review
173,2091,2020-12-15,76556,Annual Review
174,2091,2019-06-09,175981,Hire
175,2092,2024-05-25,78558,Annual Review
176,2093,2020-01-05,138018,Hire
177,2093,2021-10-04,46408,Adjustment
178,2093,2022-07-20,70607,Adjustment
179,2094,2024-02-04,62326,Hire
180,2095,2021-12-22,159594,Adjustment
181,2095,2021-08-17,36135,Annual Review
182,2096,2019-09-28,46913,Annual Review
183,2096,2020-06-19,45101,Hire
184,2097,2024-07-06,137820,Hire
185,2098,2022-08-10,97110,Hire
186,2098,2022-03-02,54215,Hire
187,2098,2022-02-06,111949,Hire
188,2099,2022-05-26,141279,Hire
189,2099,2020-03-19,176583,Promotion
190,2099,2021-05-07,156898,Promotion
191,2100,2024-03-15,35526,Promotion
192,2100,2023-09-01,36753,Adjustment
193,2100,2022-10-29,49656,Hire
194,2101,2023-11-04,99555,Adjustment
195,2101,2022-11-04,97995,Annual Review
196,2101,2024-01-06,113277,Hire
197,2102,2019-05-12,137345,Adjustment
198,2102,2020-12-10,131111,Promotion
199,2103,2022-03-03,158747,Promotion
200,2103,2021-03-11,49418,Annual Review
201,2103,2020-04-09,72185,Annual Review
202,2104,2021-11-14,115123,Hire
203,2104,2021-06-10,122804,Promotion
204,2105,2018-11-29,146055,Promotion
205,2106,2018-04-30,154097,Adjustment
206,2107,2023-12-03,157561,Annual Review
207,2107,2024-02-24,92728,Annual Review
208,2107,2024-06-23,133598,Promotion
209,2108,2019-09-05,116610,Hire
210,2108,2020-11-04,179121,Promotion
211,2108,2020-01-29,92193,Promotion
212,2109,2021-11-27,101634,Hire
213,2110,2022-07-10,86341,Promotion
214,2110,2022-03-14,85374,Hire
215,2111,2023-09-22,162203,Annual Review
216,2111,2023-10-13,68178,Hire
217,2111,2023-09-28,142373,Annual Review
218,2112,2020-10-29,139139,Promotion
219,2112,2021-08-24,135290,Annual Review
220,2112,2021-01-12,93951,Annual Review
221,2113,2023-02-17,174334,Annual Review
222,2113,2025-01-27,103831,Annual Review
223,2114,2026-04-09,80643,Promotion
224,2114,2025-08-16,38582,Hire
225,2115,2019-12-16,139004,Annual Review
226,2115,2022-06-23,75000,Hire
227,2116,2021-06-05,36085,Promotion
228,2117,2020-11-03,132994,Promotion
229,2118,2022-05-23,152309,Annual Review
230,2118,2021-11-19,142114,Annual Review
231,2119,2022-07-07,105410,Hire
232,2120,2020-04-14,61825,Adjustment
233,2121,2020-12-17,119269,Hire
234,2121,2021-08-16,49332,Hire
235,2122,2020-05-02,172175,Promotion
236,2123,2018-10-13,157046,Hire
237,2123,2019-03-23,102567,Annual Review
238,2123,2021-01-07,97713,Annual Review
239,2124,2024-10-17,93639,Promotion
240,2124,2025-03-12,175060,Promotion
241,2125,2020-08-28,113488,Promotion
242,2125,2019-03-02,127905,Promotion
243,2126,2023-11-21,37977,Promotion
244,2126,2022-01-08,150650,Annual Review
245,2126,2021-12-01,89641,Hire
246,2127,2019-02-07,149465,Annual Review
247,2128,2021-09-02,177957,Hire
248,2129,2020-12-29,139583,Annual Review
249,2130,2022-09-27,55325,Hire
250,2130,2020-10-15,173093,Hire
251,2130,2022-05-13,88096,Annual Review
252,2131,2023-07-29,179143,Adjustment
253,2132,2022-02-01,99649,Hire
254,2133,2022-04-30,75058,Hire
255,2133,2023-10-17,83263,Hire
256,2134,2021-05-14,139820,Annual Review
257,2134,2021-08-25,142645,Hire
258,2134,2020-06-22,63223,Adjustment
259,2135,2023-04-18,56661,Hire
260,2135,2022-07-02,71432,Annual Review
261,2135,2023-01-11,64114,Annual Review
262,2136,2019-11-21,125051,Annual Review
263,2136,2020-07-20,82743,Annual Review
264,2136,2021-12-13,160756,Adjustment
265,2137,2023-01-31,145436,Annual Review
266,2137,2023-12-26,37966,Hire
267,2138,2020-05-05,148838,Annual Review
268,2139,2020-09-18,167019,Promotion
269,2140,2023-01-02,116380,Annual Review
270,2140,2022-10-19,101130,Annual Review
271,2141,2023-12-14,128005,Adjustment
272,2141,2023-11-14,126742,Hire
273,2141,2024-09-28,71973,Promotion
274,2142,2025-04-17,172161,Hire
275,2142,2023-09-21,97235,Promotion
276,2142,2026-01-06,64400,Annual Review
277,2143,2023-07-06,152240,Annual Review
278,2143,2022-08-17,87763,Annual Review
279,2144,2022-02-07,141810,Adjustment
280,2144,2022-09-27,124523,Adjustment
281,2145,2021-12-14,128137,Adjustment
282,2146,2025-01-17,169308,Hire
283,2146,2024-05-30,65312,Hire
284,2146,2023-09-23,148687,Promotion
285,2147,2023-05-09,71640,Adjustment
286,2147,2022-03-15,135171,Hire
287,2147,2022-03-25,97293,Annual Review
288,2148,2024-03-26,120802,Hire
289,2149,2022-07-22,127024,Hire
290,2150,2018-04-18,172403,Promotion
291,2150,2020-09-03,146411,Promotion
292,2150,2018-10-19,77262,Adjustment
293,2151,2022-01-24,151214,Promotion
294,2151,2022-10-13,141435,Hire
295,2152,2023-08-29,121314,Promotion
296,2153,2022-06-09,121287,Hire
297,2154,2024-07-02,165134,Promotion
298,2154,2023-04-01,159958,Annual Review
299,2154,2025-05-05,52528,Hire
300,2155,2022-03-31,104253,Promotion
301,2156,2023-08-30,125938,Annual Review
302,2156,2024-11-17,77129,Annual Review
303,2156,2022-09-22,148996,Annual Review
304,2157,2020-12-25,96321,Adjustment
305,2158,2023-01-12,142535,Hire
306,2158,2022-01-01,50063,Annual Review
307,2158,2023-02-20,170795,Hire
308,2159,2024-01-11,57797,Hire
309,2159,2025-09-24,119946,Promotion
310,2160,2023-11-03,58655,Hire
311,2160,2024-10-10,178659,Promotion
312,2160,2024-03-25,57555,Annual Review
313,2161,2025-01-09,132138,Annual Review
314,2161,2024-09-09,84151,Annual Review
315,2162,2022-08-20,126663,Hire
316,2163,2024-03-07,47213,Annual Review
317,2164,2024-11-17,101723,Hire
318,2165,2019-09-10,103947,Hire
319,2165,2021-03-01,70191,Annual Review
320,2166,2020-11-05,107264,Adjustment
321,2166,2022-09-17,134846,Promotion
322,2167,2019-02-12,119963,Hire
323,2167,2020-06-24,35972,Annual Review
324,2167,2019-12-16,134219,Annual Review
325,2168,2021-04-13,84738,Annual Review
326,2168,2023-11-20,89777,Annual Review
327,2169,2022-05-23,173426,Annual Review
328,2169,2022-04-20,81529,Hire
329,2169,2019-10-01,137895,Annual Review
330,2170,2021-11-30,159750,Annual Review
331,2170,2023-02-08,155883,Hire
332,2170,2021-02-08,178622,Annual Review
333,2171,2021-08-05,95385,Promotion
334,2172,2020-10-27,65268,Promotion
335,2173,2020-11-22,170362,Adjustment
336,2174,2019-09-26,65138,Annual Review
337,2174,2019-09-18,159650,Promotion
338,2174,2018-05-14,48432,Annual Review
339,2175,2025-06-16,93175,Annual Review
340,2175,2026-09-03,68329,Annual Review
341,2175,2026-06-26,178400,Hire
342,2176,2021-05-05,85357,Annual Review
343,2176,2018-07-19,90812,Hire
344,2177,2024-12-04,80534,Annual Review
345,2178,2021-04-06,99162,Promotion
346,2179,2018-09-01,130980,Hire
347,2179,2020-11-28,55143,Promotion
348,2180,2021-07-03,143380,Hire
349,2181,2025-06-29,76423,Annual Review
350,2181,2024-11-28,76713,Annual Review
351,2182,2022-04-08,109310,Adjustment
352,2183,2023-03-02,88266,Hire
353,2183,2024-02-21,178414,Annual Review
354,2184,2024-09-03,116863,Annual Review
355,2184,2024-01-12,173260,Promotion
356,2184,2022-09-18,161233,Annual Review
357,2185,2022-07-06,48851,Annual Review
358,2186,2022-01-12,165982,Promotion
359,2186,2023-11-23,49620,Annual Review
360,2186,2023-04-16,97995,Hire
361,2187,2019-08-19,71681,Promotion
362,2187,2020-05-29,99509,Promotion
363,2187,2020-06-04,102703,Annual Review
364,2188,2024-12-01,77136,Annual Review
365,2189,2024-08-12,128699,Promotion
366,2190,2025-06-03,118086,Hire
367,2191,2020-09-30,53254,Hire
368,2191,2019-04-29,96273,Hire
369,2192,2023-03-23,149847,Hire
370,2192,2024-03-31,140547,Hire
371,2192,2024-07-04,47926,Annual Review
372,2193,2022-03-02,124527,Hire
373,2194,2024-06-26,35925,Promotion
374,2195,2019-10-16,51321,Annual Review
375,2195,2021-01-06,176841,Annual Review
376,2196,2021-08-18,51151,Adjustment
377,2197,2021-06-17,69187,Hire
378,2197,2021-01-16,78835,Promotion
379,2198,2024-04-19,62235,Hire
380,2199,2019-11-01,102114,Promotion
381,2200,2025-01-27,164191,Hire
382,2200,2025-04-02,147831,Promotion
383,2200,2023-08-20,156889,Annual Review
384,2201,2021-07-24,116583,Annual Review
385,2201,2020-11-02,67160,Annual Review
386,2202,2021-11-24,40277,Annual Review
387,2202,2020-11-14,167852,Annual Review
388,2203,2020-11-02,95750,Hire
389,2203,2022-01-20,91902,Annual Review
390,2204,2025-03-11,151849,Promotion
391,2204,2025-03-03,132052,Annual Review
392,2204,2026-02-02,162894,Annual Review
393,2205,2024-03-18,174872,Annual Review
394,2205,2024-07-21,84460,Hire
395,2206,2021-01-05,105975,Annual Review
396,2207,2023-05-12,51568,Adjustment
397,2208,2025-07-22,97679,Promotion
398,2209,2023-01-29,43430,Promotion
399,2209,2022-12-25,73692,Promotion
400,2210,2018-12-08,84671,Adjustment
401,2210,2021-02-23,179973,Hire
402,2210,2019-07-29,38907,Annual Review
403,2211,2022-09-28,63604,Annual Review
404,2212,2025-02-04,178573,Promotion
405,2212,2023-11-14,154261,Hire
406,2213,2022-11-28,160592,Hire
407,2213,2020-09-27,41073,Promotion
408,2213,2023-08-11,53101,Promotion
409,2214,2018-11-13,129877,Hire
410,2215,2021-11-30,94668,Annual Review
411,2215,2020-12-31,126956,Promotion
412,2216,2024-06-08,150087,Annual Review
413,2216,2026-08-04,154451,Annual Review
414,2216,2024-03-25,127675,Hire
415,2217,2024-12-30,179654,Annual Review
416,2217,2022-06-06,144119,Annual Review
417,2217,2025-01-10,179832,Hire
418,2218,2025-03-18,64715,Hire
419,2218,2023-04-20,123260,Promotion
420,2218,2024-03-05,169724,Annual Review
421,2219,2023-05-21,179875,Annual Review
422,2219,2024-06-22,41307,Hire
423,2220,2023-03-08,93616,Hire
424,2220,2023-11-10,154828,Annual Review
425,2221,2019-12-28,43727,Hire
426,2221,2021-04-05,52332,Hire
427,2221,2021-06-09,176906,Promotion
428,2222,2018-11-03,175285,Adjustment
429,2222,2020-03-18,148741,Promotion
430,2223,2022-09-30,167475,Annual Review
431,2223,2023-03-06,91971,Annual Review
432,2224,2021-09-13,108042,Annual Review
433,2224,2019-12-06,130195,Promotion
434,2224,2019-05-12,173663,Hire
435,2225,2025-04-11,47996,Hire
436,2226,2022-04-10,87485,Promotion
437,2227,2022-08-29,69370,Hire
438,2227,2021-08-05,92572,Adjustment
439,2227,2023-10-19,64098,Promotion
440,2228,2021-07-29,37196,Promotion
441,2228,2020-08-19,177163,Promotion
442,2229,2024-09-08,84262,Hire
443,2230,2023-12-01,172095,Promotion
444,2231,2024-05-12,137171,Hire
445,2231,2023-11-17,105540,Hire
446,2232,2021-06-12,75972,Hire
447,2233,2025-11-12,130384,Adjustment
448,2233,2026-07-02,113062,Annual Review
449,2234,2023-06-22,52046,Hire
450,2234,2021-10-16,48397,Promotion
451,2235,,125805,Hire
452,2236,2022-10-08,60757,Annual Review
453,2236,2021-07-23,167974,Annual Review
454,2236,2022-07-21,153859,Annual Review
455,2237,2025-10-10,77399,Promotion
456,2238,2023-06-02,169918,Hire
457,2238,2024-05-01,178431,Adjustment
458,2238,2023-01-06,103056,Adjustment
459,2239,2024-10-01,152095,Promotion
460,2240,2024-08-06,123672,Annual Review
461,2240,2022-12-18,70885,Annual Review
462,2240,2024-10-17,56157,Annual Review
463,2241,2024-12-29,54674,Hire
464,2242,2025-04-21,47578,Annual Review
465,2242,2025-06-09,163457,Annual Review
466,2243,2020-06-02,172493,Hire
467,2243,2018-04-28,138229,Annual Review
468,2244,2024-08-07,158981,Hire
469,2244,2024-04-21,72077,Promotion
470,2244,2026-05-19,150136,Promotion
471,2245,2020-12-09,95530,Adjustment
472,2246,2024-05-04,153179,Hire
473,2246,2023-12-28,62122,Annual Review
474,2246,2025-03-02,64381,Annual Review
475,2247,2022-04-18,148271,Adjustment
476,2247,2020-04-14,173160,Annual Review
477,2247,2020-07-31,132354,Hire
478,2248,2021-01-26,47822,Promotion
479,2249,2021-01-16,167508,Annual Review
480,2250,2024-01-07,146201,Adjustment
481,2250,2025-08-26,62281,Hire
482,2250,2026-05-16,123017,Promotion
483,2251,2022-05-09,119403,Hire
484,2251,2023-12-26,141023,Promotion
485,2252,2022-01-21,57766,Hire
486,2253,2020-09-03,128891,Promotion
487,2253,2020-11-04,97239,Hire
488,2254,2020-04-24,168866,Annual Review
489,2254,2020-09-19,91764,Hire
490,2255,2020-08-19,77850,Annual Review
491,2255,2021-11-11,179090,Annual Review
492,2255,2020-04-01,162171,Promotion
493,2256,2024-12-04,85790,Hire
494,2256,2023-04-22,116120,Annual Review
495,2257,2022-01-24,141759,Annual Review
496,2257,2021-05-29,100696,Annual Review
497,2257,2020-03-07,122826,Annual Review
498,2258,2023-02-15,174490,Promotion
499,2258,2022-10-10,158152,Annual Review
500,2259,2023-03-04,137716,Hire
501,2259,2025-08-19,176186,Hire
502,2260,2022-06-12,53722,Promotion
503,2260,2022-01-27,122508,Annual Review
504,2261,2021-03-17,52985,Hire
505,2262,2025-02-08,155234,Adjustment
506,2263,2024-11-10,118845,Promotion
507,2263,2025-06-16,158446,Hire
508,2263,2024-05-03,141747,Adjustment
509,2264,2023-11-16,64346,Annual Review
510,2265,2021-10-19,61691,Annual Review
511,2265,2023-04-02,140578,Promotion
512,2266,2020-03-17,84665,Annual Review
513,2266,2020-07-06,148408,Annual Review
514,2266,2021-05-13,108728,Annual Review
515,2267,2022-11-15,85054,Promotion
516,2267,2024-02-26,175484,Hire
517,2268,2018-08-31,116499,Hire
518,2269,2022-08-31,134159,Adjustment
519,2269,2021-03-01,101553,Hire
520,2270,2018-12-22,42712,Annual Review
521,2271,2019-09-18,128616,Promotion
522,2271,2019-11-29,172696,Adjustment
523,2272,2020-05-04,115667,Annual Review
524,2272,2022-07-28,61093,Adjustment
525,2272,2021-05-28,146030,Annual Review
526,2273,2020-03-05,64030,Hire
527,2273,2022-06-09,79067,Hire
528,2274,2025-10-17,171279,Promotion
529,2274,2025-07-13,111433,Annual Review
530,2275,2019-10-19,35420,Hire
531,2276,2020-01-15,54198,Hire
532,2277,2019-10-23,117951,Annual Review
533,2278,2022-01-27,56331,Annual Review
534,2278,2020-01-19,51893,Annual Review
535,2279,2021-04-08,53243,Promotion
536,2279,2023-02-03,50535,Annual Review
537,2280,2022-07-06,102394,Annual Review
538,2280,2020-11-15,114214,Hire
539,2281,2024-07-15,147695,Annual Review
540,2281,2025-12-09,48346,Promotion
541,2282,2024-07-20,172845,Promotion
542,2282,2022-12-14,157580,Hire
543,2283,2018-10-22,137746,Annual Review
544,2284,2022-07-15,51959,Promotion
545,2285,2019-04-20,124343,Adjustment
546,2285,2019-02-16,86150,Annual Review
547,2285,2020-06-11,56734,Annual Review
548,2286,2020-12-09,52400,Hire
549,2287,2025-07-30,133329,Hire
550,2287,2023-05-13,159438,Promotion
551,2287,2024-06-27,132753,Adjustment
552,2288,2024-02-04,143863,Annual Review
553,2288,2026-01-19,39746,Annual Review
554,2288,2023-10-19,158765,Hire
555,2289,2024-08-20,98184,Promotion
556,2289,2025-06-26,123898,Annual Review
557,2290,2021-03-25,136345,Promotion
558,2290,2021-09-09,75533,Adjustment
559,2291,2022-03-08,63725,Annual Review
560,2292,2024-01-22,162240,Annual Review
561,2293,2021-03-07,36236,Promotion
562,2293,2022-07-04,102916,Hire
563,2294,2022-01-23,163357,Adjustment
564,2294,2022-11-05,49538,Hire
565,2295,2024-12-13,134821,Adjustment
566,2295,2025-02-07,73655,Promotion
567,2296,2022-03-25,95784,Hire
568,2296,2021-11-04,157547,Hire
569,2296,2022-05-14,153177,Annual Review
570,2297,2022-07-04,125982,Adjustment
571,2297,2020-01-30,79191,Promotion
572,2298,2022-02-11,89112,Hire
573,2298,2024-01-29,46399,Promotion
574,2298,2022-05-26,139365,Hire
575,2299,2025-04-27,122777,Promotion
576,2299,2025-04-24,39487,Promotion
577,2300,2019-02-06,173822,Hire
578,2300,2020-12-23,118220,Hire
579,2300,2021-04-08,78118,Annual Review
580,2301,2022-05-15,156869,Hire
581,2301,2022-08-11,50105,Adjustment
582,2301,2022-07-18,136564,Adjustment
583,2302,2023-10-18,147016,Annual Review
584,2302,2023-07-16,95506,Annual Review
585,2302,2024-03-27,59967,Annual Review
586,2303,2024-11-01,159939,Annual Review
587,2304,2019-11-19,61622,Annual Review
588,2304,2021-09-27,80201,Adjustment
589,2305,2020-11-28,51350,Annual Review
590,2305,2021-11-24,89820,Promotion
591,2306,2021-03-05,123232,Hire
592,2306,2020-05-27,176296,Promotion
593,2307,2021-09-07,171537,Hire
594,2308,2024-01-12,132739,Hire
595,2308,2025-06-25,90214,Hire
596,2308,2025-05-06,169016,Annual Review
597,2309,2025-05-24,73624,Promotion
598,2310,2025-01-01,79764,Hire
599,2310,2024-04-29,129325,Promotion
600,2310,2024-03-12,80420,Annual Review
601,2311,2019-10-30,139381,Hire
602,2311,2021-07-23,100671,Annual Review
603,2311,2020-10-05,142596,Promotion
604,2312,2019-04-05,55497,Promotion
605,2312,2021-10-11,114714,Hire
606,2313,2022-01-30,178954,Promotion
607,2314,2024-08-22,94870,Promotion
608,2314,2023-11-12,132847,Hire
609,2315,2020-04-12,131134,Adjustment
610,2315,2020-12-27,136110,Hire
611,2315,2020-01-25,106918,Hire
612,2316,2026-10-25,38159,Hire
613,2316,2025-01-07,106192,Hire
614,2316,2024-04-26,101988,Hire
615,2317,2023-12-10,175934,Hire
616,2317,2026-07-26,45219,Annual Review
617,2317,2025-07-03,124017,Hire
618,2318,2020-09-04,106632,Hire
619,2319,2020-07-30,143798,Adjustment
620,2319,2019-03-21,68937,Annual Review
621,2320,2025-06-21,160312,Annual Review
622,2320,2023-09-28,139894,Annual Review
623,2320,2025-06-14,152118,Hire
624,2321,2022-05-21,118325,Promotion
625,2322,2020-12-16,106445,Hire
626,2322,2019-03-28,66854,Promotion
627,2323,2025-01-01,104432,Annual Review
628,2324,2026-04-08,52111,Hire
629,2325,2025-03-11,59099,Annual Review
630,2326,2023-01-15,143871,Hire
631,2326,2024-04-03,50029,Promotion
632,2326,2024-07-10,50793,Annual Review
633,2327,2020-09-01,83106,Promotion
634,2327,2020-03-20,120662,Annual Review
635,2327,2019-06-20,167044,Promotion
636,2328,2025-08-27,168704,Adjustment
637,2329,2023-01-14,115882,Hire
638,2329,2024-01-30,148858,Annual Review
639,2329,2025-10-04,112656,Annual Review
640,2330,2023-07-03,173890,Annual Review
641,2331,2025-06-01,148204,Adjustment
642,2331,2025-08-11,130373,Annual Review
643,2331,2023-09-02,167047,Annual Review
644,2332,2023-03-14,98518,Promotion
645,2332,2022-10-18,170390,Adjustment
646,2333,2023-04-09,150475,Annual Review
647,2333,2024-05-10,139968,Annual Review
648,2334,2019-11-10,111377,Annual Review
649,2334,2019-06-20,126671,Annual Review
650,2334,2022-02-04,178499,Promotion
651,2335,2024-05-12,156359,Hire
652,2335,2024-06-30,133844,Adjustment
653,2336,2021-06-05,111150,Hire
654,2336,2021-08-12,59866,Hire
655,2336,2021-05-07,45282,Annual Review
656,2337,2021-08-01,50412,Annual Review
657,2337,2023-06-07,159135,Annual Review
658,2337,2023-03-27,155019,Promotion
659,2338,2025-05-28,96922,Annual Review
660,2338,2023-11-11,41185,Adjustment
661,2339,2023-05-28,126368,Annual Review
662,2340,2021-07-16,52423,Annual Review
663,2340,2020-04-23,86268,Annual Review
664,2341,2021-12-17,130201,Adjustment
665,2342,2024-01-14,118744,Annual Review
666,2342,2024-12-12,153222,Annual Review
667,2343,2021-09-29,157942,Annual Review
668,2343,2022-07-31,169643,Promotion
669,2343,2021-08-19,54576,Hire
670,2344,2022-07-25,175752,Annual Review
671,2344,2021-01-12,150042,Annual Review
672,2345,2019-04-03,168846,Annual Review
673,2345,2020-09-08,133908,Hire
674,2346,2018-11-03,115225,Promotion
675,2347,2026-07-30,161170,Annual Review
676,2347,2024-08-25,133737,Annual Review
677,2348,2021-10-27,131537,Hire
678,2349,2024-11-04,101403,Adjustment
679,2349,2024-08-26,62182,Annual Review
680,2349,2026-01-31,114876,Adjustment
681,2350,2020-02-24,82059,Hire
682,2350,2019-07-08,174859,Annual Review
683,2351,2022-12-15,35393,Promotion
684,2352,2022-04-10,178128,Annual Review
685,2352,2020-12-27,80909,Adjustment
686,2352,2020-08-21,87906,Hire
687,2353,2023-08-12,121290,Adjustment
688,2353,2023-12-01,79389,Annual Review
689,2354,2025-02-09,92557,Hire
690,2354,2025-05-05,151814,Annual Review
691,2355,2023-03-04,119752,Annual Review
692,2355,2024-12-31,39574,Hire
693,2355,2022-03-09,123291,Annual Review
694,2356,2021-05-08,131777,Annual Review
695,2356,2021-10-26,59737,Promotion
696,2356,2021-09-26,58390,Hire
697,2357,2021-05-20,87330,Adjustment
698,2358,2023-05-28,56037,Hire
699,2358,2025-08-17,151668,Promotion
700,2358,2025-10-06,154229,Annual Review
701,2359,2023-10-10,131342,Annual Review
702,2360,2023-05-28,124928,Hire
703,2361,2024-12-25,144844,Promotion
704,2362,2023-03-08,47803,Adjustment
705,2362,2022-06-01,101761,Annual Review
706,2363,2022-05-09,113579,Promotion
707,2363,2022-09-24,71764,Annual Review
708,2363,2022-12-07,82055,Hire
709,2364,2024-02-19,74720,Hire
710,2365,2021-12-24,162976,Hire
711,2366,2025-03-05,48219,Hire
712,2367,2024-06-10,125351,Hire
713,2368,2021-07-17,89457,Adjustment
714,2368,2020-09-06,125159,Adjustment
715,2369,2023-10-18,128391,Hire
716,2369,2023-05-24,85400,Annual Review
717,2370,2026-05-11,146466,Annual Review
718,2370,,112264,Annual Review
719,2370,2023-09-24,176234,Adjustment
720,2371,2022-01-08,143877,Hire
721,2372,2021-08-31,46675,Promotion
722,2372,2023-02-07,124606,Adjustment
723,2372,2023-11-30,55080,Annual Review
724,2373,2022-08-26,48936,Annual Review
725,2373,2023-08-07,45019,Adjustment
726,2374,2023-03-21,123304,Promotion
727,2374,2024-12-20,39486,Promotion
728,2374,2023-01-12,117021,Annual Review
729,2375,2021-03-11,153411,Annual Review
730,2376,2020-01-26,86697,Adjustment
731,2377,2021-02-06,90998,Annual Review
732,2377,2021-11-27,144537,Annual Review
733,2377,2022-06-29,132816,Hire
734,2378,2024-12-20,143064,Hire
735,2379,2022-10-09,160885,Annual Review
736,2379,2020-04-23,100729,Annual Review
737,2379,2021-08-29,125853,Annual Review
738,2380,2019-06-03,64144,Promotion
739,2381,2022-04-08,112148,Hire
740,2381,2020-09-07,54307,Adjustment
741,2381,2020-07-13,95598,Hire
742,2382,2025-11-22,126810,Annual Review
743,2382,2025-01-06,137870,Annual Review
744,2383,2024-01-23,138412,Promotion
745,2383,2025-04-16,69551,Annual Review
746,2383,2025-05-11,77926,Hire
747,2384,2022-12-28,122750,Annual Review
748,2384,2022-05-17,73599,Adjustment
749,2384,2023-01-29,144490,Hire
750,2385,2019-01-16,57593,Promotion
751,2385,2019-11-02,144865,Annual Review
752,2385,2018-11-19,167192,Promotion
753,2386,2021-05-11,40193,Annual Review
754,2386,2021-03-14,50213,Annual Review
755,2386,2022-08-07,114766,Annual Review
756,2387,2023-06-15,64949,Annual Review
757,2388,2019-06-10,169599,Annual Review
758,2389,2021-10-28,137433,Promotion
759,2389,2021-04-21,60412,Annual Review
760,2389,2021-10-20,177876,Hire
761,2390,2020-12-09,81545,Hire
762,2390,2021-04-28,111519,Promotion
763,2390,2022-03-21,131093,Promotion
764,2391,2025-10-02,129324,Hire
765,2391,2025-12-22,38768,Adjustment
766,2391,2024-01-03,36504,Promotion
767,2392,2025-03-13,102986,Annual Review
768,2392,2025-09-04,151721,Annual Review
769,2393,2021-10-24,110427,Annual Review
770,2393,2020-05-21,73787,Hire
771,2393,2020-07-28,48898,Annual Review
772,2394,2021-02-03,115800,Hire
773,2395,2022-11-04,161718,Hire
774,2396,2022-05-08,165864,Promotion
775,2397,2024-09-19,51868,Promotion
776,2397,2023-09-13,37080,Adjustment
777,2397,2023-09-29,179848,Promotion
778,2398,2020-03-16,98271,Promotion
779,2399,2018-10-05,112585,Promotion
780,2399,2020-10-20,159147,Hire
781,2400,2023-04-30,160850,Annual Review
782,2401,2023-03-12,174337,Adjustment
783,2401,2024-06-04,163872,Hire
784,2402,2024-01-14,38477,Adjustment
785,2403,2021-05-31,148846,Annual Review
786,2403,2021-10-19,124410,Annual Review
787,2403,2023-03-01,141753,Adjustment
788,2404,2019-01-30,168878,Annual Review
789,2404,2021-08-20,173235,Hire
790,2404,2019-11-03,129368,Adjustment
791,2405,2022-04-07,59718,Annual Review
792,2405,2021-05-01,53458,Hire
793,2406,2024-07-12,157342,Adjustment
794,2406,2025-06-25,111820,Promotion
795,2407,2024-05-26,116234,Adjustment
796,2407,2023-03-17,164282,Annual Review
797,2407,2023-07-31,44102,Annual Review
798,2408,2020-12-02,161328,Hire
799,2408,2019-10-15,119079,Promotion
800,2409,2021-08-20,129437,Annual Review
801,2409,2021-09-24,114570,Hire
802,2410,2024-08-02,153301,Annual Review
803,2411,2023-05-29,73795,Annual Review
804,2412,2020-12-31,92402,Annual Review
805,2412,2021-10-11,138127,Annual Review
806,2413,2018-11-20,130117,Hire
807,2413,2020-10-14,113156,Hire
808,2414,2024-08-28,123340,Hire
809,2415,2026-01-22,43912,Hire
810,2416,2022-06-06,145363,Annual Review
811,2416,2023-01-23,178416,Annual Review
812,2416,2020-10-22,37355,Promotion
813,2417,2022-07-22,146151,Hire
814,2417,2021-06-19,73526,Adjustment
815,2418,2021-02-16,100377,Promotion
816,2419,2024-07-10,96788,Hire
817,2419,2024-05-24,86529,Annual Review
818,2420,2023-06-22,138578,Hire
819,2420,2023-08-09,74177,Hire
820,2421,2018-03-08,101421,Adjustment
821,2422,2022-01-20,74685,Adjustment
822,2423,2019-08-30,103590,Promotion
823,2423,2019-03-12,43977,Promotion
824,2423,2020-05-10,125568,Promotion
825,2424,2023-11-07,56500,Annual Review
826,2425,2024-04-21,130335,Promotion
827,2426,2022-07-06,35814,Hire
828,2426,2022-12-28,55150,Hire
829,2426,2024-10-15,38825,Annual Review
830,2427,2022-12-25,110535,Hire
831,2428,2025-04-13,140076,Annual Review
832,2428,2023-12-07,92899,Hire
833,2428,2025-05-24,57601,Hire
834,2429,2022-01-27,158355,Annual Review
835,2429,2021-03-04,126450,Hire
836,2430,2026-03-02,163424,Annual Review
837,2431,2019-10-04,101741,Annual Review
838,2431,2020-12-28,96377,Annual Review
839,2432,2020-08-10,47987,Adjustment
840,2432,2020-03-04,40239,Promotion
841,2433,2021-10-20,58358,Annual Review
842,2433,2019-07-20,149759,Adjustment
843,2434,2032-10-05,44096,Annual Review
844,2434,2032-06-25,82582,Hire
845,2434,2030-06-14,146595,Hire
846,2435,2022-08-31,136494,Hire
847,2435,2024-06-09,104484,Annual Review
848,2436,2022-08-13,58902,Hire
849,2436,2024-05-10,91188,Promotion
850,2436,2024-09-16,147894,Hire
851,2437,2023-07-12,116204,Promotion
852,2438,2022-04-13,161800,Hire
853,2439,2021-11-29,93293,Annual Review
854,2439,2021-10-13,42213,Annual Review
855,2439,2022-05-07,49941,Annual Review
856,2440,2024-02-10,61855,Hire
857,2440,2024-04-29,156739,Annual Review
858,2441,2024-09-10,36046,Annual Review
859,2442,2019-07-18,151853,Promotion
860,2442,2019-04-26,129135,Adjustment
861,2443,2021-10-08,141378,Hire
862,2444,2022-09-13,131421,Hire
863,2445,2024-12-24,113254,Hire
864,2445,2025-04-14,101851,Hire
865,2446,2023-10-16,125218,Promotion
866,2447,2020-04-30,142240,Hire
867,2448,2019-06-03,66028,Annual Review
868,2448,2020-09-30,82953,Hire
869,2448,2021-07-09,92965,Annual Review
870,2449,2024-02-05,104776,Promotion
871,2449,2024-12-27,66459,Promotion
872,2449,2023-10-20,125932,Adjustment
873,2450,2022-12-03,102982,Hire
874,2450,2023-10-09,169418,Annual Review
875,2451,2023-08-11,75517,Promotion
876,2451,2024-02-26,104678,Adjustment
877,2452,2020-07-12,147491,Hire
878,2452,2020-04-01,107623,Hire
879,2452,2020-08-10,132409,Hire
880,2453,2025-04-24,80039,Annual Review
881,2453,2024-07-19,115260,Annual Review
882,2454,2023-02-13,155773,Promotion
883,2454,2022-07-11,95693,Adjustment
884,2454,2023-08-17,66433,Hire
885,2455,2020-11-25,50804,Annual Review
886,2455,2022-02-06,80101,Hire
887,2456,2023-11-14,142904,Hire
888,2456,2025-09-17,79700,Annual Review
889,2456,2024-11-10,149952,Hire
890,2457,2022-08-08,54477,Hire
891,2458,2025-12-20,61049,Promotion
892,2458,2026-02-24,47473,Promotion
893,2458,2026-04-23,96836,Annual Review
894,2459,2022-02-28,48714,Annual Review
895,2460,2024-01-03,132481,Annual Review
896,2460,2024-07-20,76514,Promotion
897,2460,2023-09-02,131988,Annual Review
898,2461,2024-06-05,133115,Adjustment
899,2462,2024-10-21,111982,Annual Review
900,2463,2020-11-03,80099,Annual Review
901,2463,2021-02-19,125060,Annual Review
902,2463,2019-10-18,48188,Annual Review
903,2464,2025-12-05,146073,Annual Review
904,2464,2024-06-26,86188,Hire
905,2465,2021-06-08,159077,Annual Review
906,2465,2021-04-29,40560,Annual Review
907,2465,2020-08-01,143763,Annual Review
908,2466,2022-01-17,158651,Promotion
909,2466,2021-12-23,73082,Adjustment
910,2467,2018-11-24,76430,Hire
911,2468,2024-05-25,75397,Annual Review
912,2468,2022-05-28,164189,Annual Review
913,2468,2024-03-19,60247,Hire
914,2469,2022-08-15,76986,Adjustment
915,2469,2023-05-16,79514,Adjustment
916,2469,2022-01-31,178703,Hire
917,2470,2022-03-15,82367,Annual Review
918,2471,2023-11-09,105408,Hire
919,2471,2023-01-16,78341,Hire
920,2471,2021-12-11,179763,Adjustment
921,2472,2022-11-17,39753,Annual Review
922,2472,2025-05-07,36833,Adjustment
923,2472,2025-04-03,43645,Promotion
924,2473,2024-09-11,150428,Annual Review
925,2474,2024-06-15,75024,Hire
926,2474,2024-01-14,143853,Annual Review
927,2475,2019-01-18,175707,Annual Review
928,2475,2019-03-08,44940,Annual Review
929,2475,2018-12-05,70169,Hire
930,2476,2021-09-14,118682,Hire
931,2477,2021-03-19,58022,Promotion
932,2477,2022-06-03,35530,Adjustment
933,2478,2022-05-23,77987,Annual Review
934,2478,2021-05-25,103096,Promotion
935,2478,2023-01-29,119097,Annual Review
936,2479,2020-01-27,37781,Adjustment
937,2479,2021-03-06,52330,Annual Review
938,2479,2021-05-20,40257,Promotion
939,2480,2022-11-25,86663,Hire
940,2480,2025-05-15,69956,Hire
941,2480,2024-01-20,50615,Hire
942,2481,2024-05-27,167919,Hire
943,2481,2023-01-11,156265,Annual Review
944,2482,2021-03-25,162148,Hire
945,2482,2018-12-14,72336,Promotion
946,2482,2020-11-25,116850,Hire
947,2483,2022-09-12,57966,Annual Review
948,2483,2020-07-26,46320,Annual Review
949,2483,2022-09-06,100125,Hire
950,2484,2023-12-07,152296,Hire
951,2485,2022-01-31,46780,Hire
952,2485,2021-09-18,111230,Annual Review
953,2485,2021-08-29,147696,Hire
954,2486,2024-02-24,141075,Promotion
955,2486,2023-06-07,168001,Promotion
956,2487,2021-08-09,154522,Annual Review
957,2487,2021-04-11,133415,Promotion
958,2488,2023-03-24,150402,Annual Review
959,2489,2021-02-16,46116,Hire
960,2489,2021-11-25,118301,Promotion
961,2490,2021-04-08,58867,Hire
962,2491,2024-10-17,100572,Hire
963,2492,2021-12-22,118748,Hire
964,2492,2022-10-14,177324,Hire
965,2492,2023-01-25,120261,Promotion
966,2493,2022-10-02,105883,Promotion
967,2493,2023-03-27,67171,Annual Review
968,2493,2021-09-02,63517,Hire
969,2494,2022-12-16,62648,Hire
970,2494,2021-12-23,104654,Adjustment
971,2494,2023-03-25,52910,Promotion
972,2495,2022-09-05,61641,Hire
973,2496,2023-03-23,157416,Annual Review
974,2496,2021-11-27,178064,Hire
975,2496,2021-07-31,69001,Hire
976,2497,2023-04-10,49546,Hire
977,2497,2021-04-19,36304,Annual Review
978,2498,2021-05-26,147448,Promotion
979,2498,2022-12-22,117368,Annual Review
980,2498,2022-06-11,123327,Annual Review
981,2499,2021-01-26,112354,Promotion
982,2499,2021-06-20,155045,Annual Review
983,2499,2020-12-04,104498,Hire
984,2500,2024-09-27,158780,Promotion
985,2501,2020-05-23,69307,Hire
986,2501,2021-11-02,154645,Promotion
987,2501,2022-06-13,38244,Annual Review
988,2502,2019-05-26,60090,Promotion
989,2503,2021-12-26,146559,Annual Review
990,2503,2021-11-12,134895,Annual Review
991,2504,,42855,Annual Review
992,2504,2020-05-18,157963,Annual Review
993,2505,2025-07-01,151815,Promotion
994,2505,2025-11-08,167673,Promotion
995,2505,2024-12-01,146113,Annual Review
996,2506,2020-12-31,171762,Hire
997,2506,2020-07-18,47521,Annual Review
998,2506,2020-05-27,135146,Annual Review
999,2507,2019-06-23,179776,Annual Review
1000,2507,2020-03-29,93933,Annual Review
1001,2507,2019-09-02,106101,Adjustment
1002,2508,2024-04-09,72256,Hire
1003,2509,2024-02-11,156638,Annual Review
1004,2510,2021-12-02,36927,Adjustment
1005,2510,2023-05-09,43301,Annual Review
1006,2510,2022-05-30,121849,Annual Review
1007,2511,,103759,Promotion
1008,2511,2026-03-09,123047,Hire
1009,2512,2021-12-28,65341,Hire
1010,2512,2022-02-16,142845,Promotion
1011,2512,2021-08-12,134878,Hire
1012,2513,2024-09-22,79791,Promotion
1013,2514,2021-07-04,38255,Hire
1014,2515,2025-11-29,39944,Hire
1015,2515,2024-09-15,65497,Promotion
1016,2515,2026-06-15,62723,Annual Review
1017,2516,,124833,Annual Review
1018,2516,2023-11-15,128039,Annual Review
1019,2517,2025-02-21,90569,Annual Review
1020,2517,2023-01-30,116434,Promotion
1021,2517,2024-04-29,35744,Annual Review
1022,2518,2021-04-27,87082,Promotion
1023,2519,2021-05-09,111407,Annual Review
1024,2519,2021-11-25,114072,Annual Review
1025,2520,2019-02-02,99766,Promotion
1026,2520,2018-11-03,100711,Hire
1027,2521,2024-12-22,38217,Annual Review
1028,2521,2026-01-17,147000,Promotion
1029,2522,2025-08-21,57357,Annual Review
1030,2522,2025-01-22,77354,Adjustment
1031,2523,2024-09-26,42034,Hire
1032,2523,2024-07-01,51263,Hire
1033,2523,2025-02-20,110348,Promotion
1034,2524,2020-05-08,54575,Promotion
1035,2524,2019-06-16,57231,Promotion
1036,2525,2025-04-25,176840,Promotion
1037,2526,2024-09-02,85697,Hire
1038,2526,2024-05-04,46357,Hire
1039,2527,2024-09-23,106038,Annual Review
1040,2527,2023-02-03,140912,Promotion
1041,2528,2020-07-03,40566,Promotion
1042,2528,2020-08-10,157474,Annual Review
1043,2529,2025-06-23,88318,Annual Review
1044,2530,2019-07-03,162059,Hire
1045,2530,2020-02-26,86408,Annual Review
1046,2530,2021-08-02,114149,Annual Review
1047,2531,2023-12-16,84545,Promotion
1048,2531,2026-02-22,148927,Promotion
1049,2532,2023-07-19,58386,Promotion
1050,2532,2024-09-09,94273,Annual Review
1051,2532,2023-11-22,147312,Annual Review
1052,2533,2024-02-23,165126,Annual Review
1053,2533,2024-04-10,42509,Annual Review
1054,2534,2020-03-22,111607,Hire
1055,2535,2019-03-21,147385,Adjustment
1056,2535,2020-05-13,98305,Annual Review
1057,2535,2018-08-30,136085,Hire
1058,2536,2022-05-03,69407,Adjustment
1059,2536,2021-11-22,81606,Hire
1060,2536,2022-12-30,142277,Promotion
1061,2537,2024-12-10,165204,Hire
1062,2537,2023-01-07,176320,Annual Review
1063,2537,2024-12-01,45515,Promotion
1064,2538,2021-04-13,127345,Hire
1065,2538,2021-02-07,176902,Annual Review
1066,2538,2019-05-06,95631,Annual Review
1067,2539,2022-09-25,160496,Hire
1068,2540,2024-06-23,178751,Hire
1069,2540,2023-12-16,56058,Hire
1070,2540,2022-05-03,161226,Annual Review
1071,2541,2022-12-30,81696,Annual Review
1072,2541,2023-03-20,73872,Hire
1073,2542,2020-08-26,80693,Annual Review
1074,2542,2020-11-20,63239,Annual Review
1075,2542,2022-12-12,128366,Promotion
1076,2543,2022-07-27,135368,Promotion
1077,2543,2023-08-07,173519,Annual Review
1078,2544,2022-02-09,153469,Adjustment
1079,2545,2023-09-03,138434,Hire
1080,2545,2022-12-07,61221,Promotion
1081,2545,2021-12-04,127799,Annual Review
1082,2546,2023-12-08,146414,Promotion
1083,2546,2023-10-23,105585,Promotion
1084,2547,2023-08-16,145937,Promotion
1085,2547,2022-01-20,121624,Hire
1086,2547,2023-05-16,116144,Annual Review
1087,2548,2022-08-18,105679,Annual Review
1088,2548,2024-08-12,101760,Adjustment
1089,2548,2023-04-05,82234,Annual Review
1090,2549,2021-11-04,98843,Annual Review
1091,2549,2021-07-06,145406,Annual Review
1092,2550,2023-12-13,175813,Promotion
1093,2550,2026-04-29,98004,Hire
1094,2551,2025-04-14,57991,Hire
1095,2551,2023-11-17,140711,Hire
1096,2552,2020-09-12,157761,Annual Review
1097,2552,2021-06-17,92304,Annual Review
1098,2553,2024-04-23,110103,Hire
1099,2553,2023-12-11,142163,Hire
1100,2553,2025-02-07,153778,Annual Review
1101,2554,2023-10-18,50330,Hire
1102,2554,2024-01-15,168206,Hire
1103,2555,2023-06-09,35184,Hire
1104,2555,2023-12-30,156529,Hire
1105,2556,2024-03-09,107799,Annual Review
1106,2556,2025-02-26,90810,Annual Review
1107,2556,2024-06-01,113727,Annual Review
1108,2557,2023-11-20,85546,Adjustment
1109,2557,2021-04-15,70120,Promotion
1110,2557,2023-01-04,110036,Promotion
1111,2558,2025-08-18,45133,Hire
1112,2559,2022-11-23,131993,Hire
1113,2559,2021-01-19,150742,Annual Review
1114,2560,2020-12-26,70702,Promotion
1115,2560,2019-12-29,179574,Annual Review
1116,2561,2022-08-01,122957,Hire
1117,2562,2021-04-10,81865,Promotion
1118,2562,2020-12-20,82404,Promotion
1119,2562,2021-10-28,126246,Hire
1120,2563,2022-01-16,138870,Annual Review
1121,2564,2023-02-22,89325,Promotion
1122,2564,2020-11-08,168074,Annual Review
1123,2565,2024-07-09,151632,Annual Review
1124,2565,2025-09-06,90713,Adjustment
1125,2566,2024-06-16,122787,Adjustment
1126,2566,2023-02-03,113243,Promotion
1127,2567,2020-12-21,57743,Hire
1128,2567,2021-07-04,91739,Hire
1129,2568,2020-05-03,133156,Annual Review
1130,2569,2020-10-04,65339,Annual Review
1131,2570,2025-08-20,149132,Annual Review
1132,2570,2025-05-11,76446,Annual Review
1133,2571,2020-07-14,161530,Adjustment
1134,2572,2021-08-17,131342,Promotion
1135,2572,2022-02-05,118404,Annual Review
1136,2572,2021-11-04,82918,Annual Review
1137,2573,2025-01-03,41125,Hire
1138,2573,2025-01-27,162422,Promotion
1139,2573,2025-05-30,64046,Hire
1140,2574,2026-03-16,157618,Hire
1141,2575,2020-08-01,35637,Promotion
1142,2575,2019-08-10,73634,Annual Review
1143,2575,2021-06-18,123713,Annual Review
1144,2576,,61809,Annual Review
1145,2577,2024-08-15,73368,Promotion
1146,2578,2023-12-20,162169,Adjustment
1147,2578,2023-12-04,177952,Hire
1148,2579,2023-09-14,151193,Annual Review
1149,2579,2024-04-25,122762,Annual Review
1150,2579,2026-05-12,141745,Adjustment
1151,2580,2023-09-27,105856,Adjustment
1152,2581,2022-09-19,74211,Annual Review
1153,2582,2019-07-20,113930,Annual Review
1154,2582,2021-04-06,76417,Annual Review
1155,2583,2024-08-16,55519,Hire
1156,2583,2024-09-24,42983,Annual Review
1157,2583,2023-08-19,79656,Annual Review
1158,2584,2020-02-05,139555,Promotion
1159,2584,2020-07-14,144883,Hire
1160,2585,2021-01-13,109975,Promotion
1161,2585,2021-07-23,128445,Hire
1162,2586,2018-12-05,135877,Hire
1163,2586,2021-05-04,91005,Promotion
1164,2586,2021-03-29,142725,Adjustment
1165,2587,2021-06-28,135405,Adjustment
1166,2587,2023-04-21,100035,Annual Review
1167,2588,2022-10-16,173383,Annual Review
1168,2588,2021-10-29,132561,Hire
1169,2589,2023-10-26,68580,Hire
1170,2590,2019-05-06,158731,Annual Review
1171,2591,2025-05-28,77898,Annual Review
1172,2592,2024-06-20,117790,Annual Review
1173,2593,2021-05-23,43826,Annual Review
1174,2594,2023-08-03,118213,Annual Review
1175,2595,2022-10-19,174745,Annual Review
1176,2596,2021-02-07,71158,Promotion
1177,2596,2021-04-22,50904,Hire
1178,2596,2023-03-16,160212,Annual Review
1179,2597,2022-03-01,122469,Promotion
1180,2598,2021-03-04,39334,Annual Review
1181,2598,2020-10-09,131996,Promotion
1182,2599,2023-05-25,99636,Hire
1183,2600,2020-11-29,100121,Annual Review
1184,2601,2022-08-24,51285,Annual Review
1185,2601,2024-01-28,135539,Promotion
1186,2602,2022-03-20,59425,Hire
1187,2603,2021-05-26,53961,Annual Review
1188,2603,2021-03-20,53823,Hire
1189,2604,2023-02-14,106123,Annual Review
1190,2604,2021-09-08,139249,Promotion
1191,2605,2024-10-26,72535,Annual Review
1192,2606,2023-03-09,139913,Promotion
1193,2607,2026-04-19,42131,Promotion
1194,2607,2026-05-01,60649,Annual Review
1195,2607,2025-05-07,170171,Annual Review
1196,2608,2024-05-01,65580,Hire
1197,2608,2025-03-01,149163,Hire
1198,2608,2025-08-17,129200,Annual Review
1199,2609,2024-09-22,61469,Promotion
1200,2609,2023-12-25,100179,Annual Review
1201,2609,2024-10-20,59236,Promotion
1202,2610,2021-06-05,58430,Annual Review
1203,2610,2019-10-30,79407,Annual Review
1204,2610,2019-09-07,118299,Hire
1205,2611,2023-12-29,117565,Annual Review
1206,2612,2022-09-26,170724,Annual Review
1207,2613,2023-06-10,137755,Annual Review
1208,2613,2024-12-24,162845,Hire
1209,2613,2023-05-08,173156,Hire
1210,2614,2022-07-23,150052,Annual Review
1211,2614,2022-08-09,168727,Promotion
1212,2614,2020-08-29,140737,Adjustment
1213,2615,2020-11-01,171344,Annual Review
1214,2615,2022-10-09,166290,Promotion
1215,2615,2022-01-22,131428,Promotion
1216,2616,2024-08-01,119624,Annual Review
1217,2616,2024-07-26,105600,Hire
1218,2616,2023-12-29,147092,Hire
1219,2617,2023-03-05,89888,Promotion
1220,2618,2024-05-09,177675,Hire
1221,2619,2019-09-22,125728,Hire
1222,2620,2019-08-22,95399,Annual Review
1223,2620,2020-12-20,95692,Promotion
1224,2621,2019-12-19,178842,Annual Review
1225,2622,2023-03-20,160041,Annual Review
1226,2622,2023-12-22,127901,Annual Review
1227,2623,2022-11-16,94596,Annual Review
1228,2623,2022-06-27,105509,Annual Review
1229,2624,2023-02-13,45086,Annual Review
1230,2625,2022-01-29,126054,Adjustment
1231,2626,2021-08-30,163928,Promotion
1232,2627,2022-06-21,36745,Hire
1233,2628,2023-07-17,38879,Annual Review
1234,2628,2023-11-21,110224,Hire
1235,2629,2023-09-07,111524,Hire
1236,2629,2022-08-13,124006,Annual Review
1237,2630,2023-08-02,64076,Annual Review
1238,2630,2023-06-06,88462,Adjustment
1239,2631,2022-11-24,106035,Annual Review
1240,2632,2024-04-06,79890,Hire
1241,2632,2025-04-16,162727,Annual Review
1242,2633,2025-10-22,146713,Promotion
1243,2633,2023-06-02,140363,Promotion
1244,2633,2023-07-17,132807,Hire
1245,2634,2031-01-11,166625,Promotion
1246,2634,2033-01-16,179932,Hire
1247,2635,2021-03-01,109916,Annual Review
1248,2635,2021-08-22,91435,Annual Review
1249,2636,2022-07-22,67261,Annual Review
1250,2636,2020-10-08,37853,Annual Review
1251,2637,2020-10-27,145884,Annual Review
1252,2638,2020-07-29,168808,Annual Review
1253,2638,2022-01-16,68724,Adjustment
1254,2638,2020-11-23,46440,Annual Review
1255,2639,2022-03-26,141911,Promotion
1256,2640,2021-11-22,120694,Promotion
1257,2640,2023-08-12,168007,Annual Review
1258,2640,2022-08-01,151189,Hire
1259,2641,2020-05-16,134039,Promotion
1260,2641,2021-10-19,37838,Promotion
1261,2642,2022-11-29,137210,Hire
1262,2642,2021-06-19,138140,Promotion
1263,2642,2022-03-26,135166,Annual Review
1264,2643,2022-10-23,65384,Promotion
1265,2643,2020-11-13,80378,Hire
1266,2643,2022-05-17,142318,Annual Review
1267,2644,2023-01-24,73977,Adjustment
1268,2644,2025-01-07,58652,Promotion
1269,2644,2023-07-24,45270,Hire
1270,2645,2019-11-05,71417,Annual Review
1271,2646,2020-05-07,91042,Promotion
1272,2646,2020-11-12,98253,Promotion
1273,2646,2021-10-19,87723,Hire
1274,2647,2020-06-24,110449,Adjustment
1275,2647,2019-12-23,116141,Annual Review
1276,2648,2024-04-03,142776,Promotion
1277,2648,2024-06-19,172112,Annual Review
1278,2649,2019-08-25,151048,Annual Review
1279,2650,2019-04-04,122340,Promotion
1280,2650,2021-04-09,109828,Adjustment
1281,2651,2024-11-14,171421,Annual Review
1282,2651,2024-01-17,119545,Hire
1283,2651,2024-01-04,145623,Promotion
1284,2652,2025-08-29,159007,Promotion
1285,2652,2025-09-04,128829,Promotion
1286,2653,2020-12-30,99578,Annual Review
1287,2654,2021-01-05,40493,Promotion
1288,2654,2021-08-19,137181,Annual Review
1289,2655,2023-05-14,155196,Hire
1290,2655,2023-04-17,36431,Hire
1291,2655,2023-04-27,135079,Promotion
1292,2656,2020-08-10,177423,Adjustment
1293,2656,2021-05-12,66195,Hire
1294,2656,2020-12-16,50203,Hire
1295,2657,2020-06-18,137769,Hire
1296,2657,2021-02-13,120222,Hire
1297,2657,2021-06-04,47636,Annual Review
1298,2658,2024-04-12,64123,Annual Review
1299,2658,2023-07-28,155973,Annual Review
1300,2658,2025-04-10,39966,Promotion
1301,2659,2023-02-02,118962,Hire
1302,2659,2022-11-30,114698,Hire
1303,2659,2024-03-29,76482,Adjustment
1304,2660,2023-04-16,157659,Adjustment
1305,2660,2020-11-29,96265,Annual Review
1306,2660,2022-11-03,101445,Annual Review
1307,2661,2023-08-03,113033,Hire
1308,2661,2022-12-17,119480,Hire
1309,2662,2021-07-31,169144,Annual Review
1310,2663,2024-08-07,64652,Annual Review
1311,2663,2025-07-05,39476,Adjustment
1312,2663,2023-09-04,130768,Promotion
1313,2664,2019-11-30,51219,Promotion
1314,2664,2021-10-26,65448,Annual Review
1315,2664,2020-05-05,41855,Annual Review
1316,2665,2020-09-03,167156,Annual Review
1317,2665,2022-01-04,133856,Hire
1318,2666,2025-06-13,96282,Annual Review
1319,2667,2021-08-17,164822,Annual Review
1320,2667,2020-10-12,53070,Annual Review
1321,2668,2018-10-14,91690,Annual Review
1322,2668,2020-02-29,96134,Adjustment
1323,2669,2020-07-01,122755,Adjustment
1324,2669,2020-12-22,141993,Annual Review
1325,2669,2019-09-05,66489,Hire
1326,2670,2024-09-16,114019,Hire
1327,2670,2024-02-11,92956,Promotion
1328,2670,2023-07-15,97778,Hire
1329,2671,2021-11-10,146466,Hire
1330,2671,2024-01-13,153292,Promotion
1331,2672,2026-02-24,134747,Annual Review
1332,2672,2023-10-05,81475,Adjustment
1333,2673,2026-03-12,45272,Promotion
1334,2673,2025-10-09,172284,Adjustment
1335,2674,2023-12-18,143644,Annual Review
1336,2674,2022-12-20,130516,Annual Review
1337,2674,2023-11-23,63831,Hire
1338,2675,2024-12-10,158950,Annual Review
1339,2675,2023-06-30,97909,Annual Review
1340,2676,2020-03-24,55121,Annual Review
1341,2676,2022-06-23,70547,Annual Review
1342,2677,2020-07-23,59914,Annual Review
1343,2677,2022-09-11,151664,Annual Review
1344,2677,2021-02-19,102258,Annual Review
1345,2678,2025-08-14,95563,Annual Review
1346,2678,2025-10-24,97607,Promotion
1347,2679,2023-10-24,127971,Annual Review
1348,2679,2023-05-15,179334,Hire
1349,2679,2024-11-11,173525,Promotion
1350,2680,2026-05-18,151720,Annual Review
1351,2680,2026-03-16,112760,Annual Review
1352,2680,2023-12-28,172244,Annual Review
1353,2681,2026-04-03,52918,Hire
1354,2682,2022-10-26,132127,Promotion
1355,2682,2022-05-26,179749,Hire
1356,2683,2023-03-24,39570,Annual Review
1357,2683,2023-10-22,107242,Annual Review
1358,2684,2024-08-09,82907,Annual Review
1359,2684,2025-06-21,44449,Annual Review
1360,2684,2024-05-03,59630,Hire
1361,2685,2021-06-17,81371,Hire
1362,2685,2021-08-24,177063,Hire
1363,2685,2020-11-06,59887,Annual Review
1364,2686,2021-01-14,83339,Adjustment
1365,2687,2024-11-14,37512,Annual Review
1366,2688,2022-10-29,56912,Annual Review
1367,2688,2022-09-01,155639,Promotion
1368,2688,2023-11-30,150781,Adjustment
1369,2689,2023-06-29,137067,Adjustment
1370,2689,2023-05-27,47227,Annual Review
1371,2689,2022-05-03,179103,Hire
1372,2690,2025-03-03,86253,Hire
1373,2691,2023-02-06,102564,Hire
1374,2692,2020-12-30,130969,Promotion
1375,2692,2022-05-02,157614,Promotion
1376,2693,2022-08-07,110186,Hire
1377,2693,2023-08-15,87492,Annual Review
1378,2694,2018-11-25,102949,Hire
1379,2695,2019-01-24,138722,Annual Review
1380,2695,2020-12-23,64854,Hire
1381,2695,2019-04-05,131742,Hire
1382,2696,2026-09-10,64655,Annual Review
1383,2696,2025-12-16,176024,Annual Review
1384,2697,2021-05-21,101156,Promotion
1385,2697,2020-10-15,156232,Adjustment
1386,2698,2024-10-12,50455,Promotion
1387,2699,2022-09-23,167046,Annual Review
1388,2699,2023-11-10,47679,Hire
1389,2699,2023-06-06,62429,Annual Review
1390,2700,2025-08-02,105207,Adjustment
1391,2700,2023-11-26,65365,Promotion
1392,2701,2019-11-30,109453,Annual Review
1393,2702,2026-01-12,42784,Adjustment
1394,2702,2025-04-13,147529,Hire
1395,2703,2023-11-27,165229,Annual Review
1396,2703,2025-08-14,155913,Annual Review
1397,2703,2023-07-10,178363,Adjustment
1398,2704,2022-12-25,61154,Annual Review
1399,2704,2023-04-04,60650,Hire
1400,2704,2022-11-02,130830,Hire
1401,2705,2018-03-27,107920,Hire
1402,2705,2019-01-21,116451,Hire
1403,2706,2025-07-18,147169,Annual Review
1404,2706,2023-04-03,134978,Annual Review
1405,2706,2024-02-01,77568,Annual Review
1406,2707,2023-01-04,87204,Promotion
1407,2707,2023-09-10,51767,Annual Review
1408,2707,2023-09-19,73652,Hire
1409,2708,2023-08-02,119244,Adjustment
1410,2709,2019-03-07,136733,Promotion
1411,2710,2022-11-20,61440,Annual Review
1412,2710,2022-06-10,87443,Promotion
1413,2711,2021-11-29,90919,Promotion
1414,2711,2022-04-16,176328,Adjustment
1415,2712,2024-03-09,75533,Annual Review
1416,2713,2023-02-22,133995,Annual Review
1417,2713,2024-11-04,102275,Hire
1418,2713,2025-08-15,167597,Hire
1419,2714,2023-04-26,172323,Adjustment
1420,2714,2022-10-08,143744,Annual Review
1421,2715,2021-11-01,48193,Hire
1422,2716,2019-12-30,132192,Promotion
1423,2716,2021-02-28,99042,Hire
1424,2716,2020-04-13,94516,Hire
1425,2717,2025-02-13,105490,Promotion
1426,2718,2024-08-26,176791,Annual Review
1427,2719,2023-01-09,47402,Hire
1428,2719,2020-07-23,137880,Promotion
1429,2720,2023-08-31,175288,Annual Review
1430,2721,2020-05-30,130808,Hire
1431,2721,2021-01-07,85093,Adjustment
1432,2721,2019-07-06,40050,Promotion
1433,2722,2023-12-01,81716,Hire
1434,2722,2025-09-14,150455,Hire
1435,2722,2023-08-14,168510,Hire
1436,2723,2021-03-25,143686,Annual Review
1437,2723,2023-01-13,82431,Hire
1438,2724,2024-06-19,51760,Hire
1439,2724,2025-04-13,78815,Hire
1440,2725,2022-10-26,175329,Promotion
1441,2726,2023-11-13,60634,Annual Review
1442,2726,2024-03-10,95403,Annual Review
1443,2726,2022-10-09,81573,Annual Review
1444,2727,2024-10-13,162099,Promotion
1445,2728,2023-03-14,56959,Annual Review
1446,2729,2022-11-27,70423,Annual Review
1447,2729,2024-11-14,115263,Annual Review
1448,2729,2023-10-28,147446,Adjustment
1449,2730,2020-04-09,91963,Hire
1450,2730,2020-05-19,69341,Annual Review
1451,2730,2021-07-11,40597,Hire
1452,2731,2020-08-28,176316,Hire
1453,2732,2022-10-28,142127,Promotion
1454,2733,2021-07-17,118967,Hire
1455,2733,2021-11-20,166607,Promotion
1456,2734,2022-07-14,79493,Promotion
1457,2734,2022-10-21,80785,Annual Review
1458,2735,2019-12-25,120017,Annual Review
1459,2735,2022-03-16,142771,Adjustment
1460,2735,2021-03-18,164026,Adjustment
1461,2736,2024-03-26,65192,Hire
1462,2736,2025-12-03,114941,Annual Review
1463,2737,2025-09-19,170475,Annual Review
1464,2738,2023-01-20,40017,Annual Review
1465,2738,2022-08-10,83260,Hire
1466,2738,2023-03-08,80938,Promotion
1467,2739,2023-09-29,120265,Adjustment
1468,2739,2024-04-22,139120,Hire
1469,2740,2022-10-02,136728,Annual Review
1470,2741,2022-05-09,49628,Annual Review
1471,2742,2019-12-16,178573,Hire
1472,2742,2020-03-31,153165,Promotion
1473,2743,2022-03-27,124360,Annual Review
1474,2743,2020-04-02,154346,Adjustment
1475,2743,2022-08-14,103348,Hire
1476,2744,2021-07-03,127862,Hire
1477,2745,2019-07-29,44402,Annual Review
1478,2745,2019-06-11,126861,Annual Review
1479,2746,2022-02-24,161121,Annual Review
1480,2747,2020-01-29,142089,Annual Review
1481,2748,2021-07-05,124795,Annual Review
1482,2749,2023-02-18,40988,Annual Review
1483,2749,2022-01-13,91999,Promotion
1484,2750,2020-01-18,148174,Annual Review
1485,2750,2020-10-02,95659,Annual Review
1486,2750,2020-05-03,130343,Annual Review
1487,2751,2025-05-17,157453,Annual Review
1488,2751,2024-07-23,94938,Hire
1489,2751,2025-03-30,40149,Hire
1490,2752,2020-07-14,148316,Annual Review
1491,2753,2023-04-26,78809,Promotion
1492,2753,2022-05-17,125636,Hire
1493,2754,2020-07-02,136477,Annual Review
1494,2754,2020-11-03,52857,Hire
1495,2754,2019-06-20,160305,Hire
1496,2755,2022-01-27,88709,Hire
1497,2756,2020-12-10,151839,Annual Review
1498,2757,2024-12-22,158307,Promotion
1499,2757,2024-07-05,157850,Annual Review
1500,2757,2025-10-22,55948,Annual Review
1501,2758,2021-11-29,117789,Annual Review
1502,2758,2020-11-29,140217,Hire
1503,2758,2022-01-24,173721,Hire
1504,2759,2024-03-02,69723,Hire
1505,2759,,109314,Hire
1506,2759,2022-09-18,125312,Annual Review
1507,2760,2024-08-18,46809,Hire
1508,2760,2023-06-15,174374,Annual Review
1509,2761,2022-02-25,112627,Annual Review
1510,2762,2026-04-24,40663,Hire
1511,2763,2024-09-14,82136,Hire
1512,2764,2023-12-25,141602,Annual Review
1513,2764,2025-10-30,71104,Hire
1514,2764,2025-03-13,74137,Annual Review
1515,2765,2018-08-31,102762,Promotion
1516,2765,2019-11-14,175657,Hire
1517,2765,2021-01-19,111438,Promotion
1518,2766,2022-09-23,119267,Annual Review
1519,2767,2021-09-17,77485,Annual Review
1520,2768,2020-12-24,80798,Annual Review
1521,2768,2020-03-20,175089,Adjustment
1522,2769,2020-09-28,125680,Hire
1523,2770,2023-11-04,124938,Annual Review
1524,2770,2023-06-30,72232,Promotion
1525,2770,2021-08-29,132239,Annual Review
1526,2771,2024-01-20,132305,Annual Review
1527,2772,2020-06-05,39094,Adjustment
1528,2772,2021-09-24,103466,Promotion
1529,2772,2020-04-16,134067,Adjustment
1530,2773,2023-10-27,177624,Hire
1531,2773,2026-01-28,64000,Hire
1532,2774,2022-11-22,92564,Hire
1533,2774,2022-07-20,167933,Annual Review
1534,2775,2020-10-26,113819,Adjustment
1535,2775,2022-12-22,126133,Annual Review
1536,2775,2022-05-06,112972,Annual Review
1537,2776,2023-01-12,128960,Hire
1538,2776,2021-06-28,109426,Annual Review
1539,2777,2022-11-29,73297,Annual Review
1540,2778,2018-11-18,149147,Adjustment
1541,2779,2020-10-14,76384,Promotion
1542,2780,2023-03-28,111693,Annual Review
1543,2780,2021-02-04,67687,Promotion
1544,2780,2023-05-05,95047,Annual Review
1545,2781,2022-08-10,89911,Adjustment
1546,2782,2025-06-21,135330,Annual Review
1547,2782,2023-03-12,127480,Hire
1548,2783,2021-11-13,69623,Hire
1549,2783,2022-09-12,148219,Hire
1550,2783,2023-03-02,158089,Annual Review
1551,2784,2021-01-07,106494,Annual Review
1552,2785,2021-09-26,131172,Promotion
1553,2785,2022-03-30,77876,Promotion
1554,2786,2024-08-23,125688,Hire
1555,2786,2023-07-08,139065,Promotion
1556,2787,2020-08-10,60365,Annual Review
1557,2788,2024-10-28,139610,Hire
1558,2789,2022-03-23,118275,Annual Review
1559,2790,2025-05-03,176981,Annual Review
1560,2790,2024-05-07,95883,Annual Review
1561,2791,2022-12-11,178686,Promotion
1562,2791,2023-09-21,133097,Promotion
1563,2792,2023-04-19,106622,Hire
1564,2792,2022-02-02,113267,Annual Review
1565,2792,2023-05-03,179413,Annual Review
1566,2793,2022-10-01,117910,Annual Review
1567,2794,2020-12-29,171362,Hire
1568,2794,2022-08-01,165177,Promotion
1569,2795,2021-01-03,146841,Annual Review
1570,2796,2024-10-25,92907,Adjustment
1571,2796,2025-09-25,155992,Hire
1572,2797,2020-07-07,70655,Annual Review
1573,2798,2023-10-05,58997,Annual Review
1574,2798,2022-08-01,101876,Annual Review
1575,2798,2021-12-02,145233,Promotion
1576,2799,2023-11-27,67862,Hire
1577,2800,2021-12-09,119612,Annual Review
1578,2801,2022-07-30,149060,Annual Review
1579,2801,2021-02-15,97104,Annual Review
1580,2802,2024-02-09,177007,Promotion
1581,2802,2024-04-13,47467,Hire
1582,2803,2020-04-24,42691,Annual Review
1583,2803,2019-02-16,165115,Promotion
1584,2804,2021-10-14,50688,Promotion
1585,2804,2020-10-02,133505,Hire
1586,2804,2021-05-24,85650,Annual Review
1587,2805,2020-11-18,169158,Hire
1588,2805,2020-08-09,37590,Annual Review
1589,2806,2021-12-15,108396,Hire
1590,2806,2021-12-29,164797,Promotion
1591,2807,2024-02-29,102484,Hire
1592,2808,2023-05-21,137267,Hire
1593,2809,2018-05-14,73131,Annual Review
1594,2809,2020-12-16,46924,Annual Review
1595,2810,2022-04-13,155405,Annual Review
1596,2810,2021-01-13,40293,Promotion
1597,2810,2022-11-13,88203,Annual Review
1598,2811,2023-05-07,179892,Annual Review
1599,2811,2023-03-21,102827,Annual Review
1600,2812,2020-11-25,76970,Promotion
1601,2812,2021-06-20,65796,Adjustment
1602,2812,2020-09-27,134345,Promotion
1603,2813,2024-07-10,118127,Hire
1604,2813,2023-04-11,71389,Promotion
1605,2814,2022-03-11,157143,Annual Review
1606,2815,2018-11-26,177009,Hire
1607,2815,2021-01-10,128657,Annual Review
1608,2815,2019-12-10,142276,Hire
1609,2816,2019-10-31,46290,Annual Review
1610,2817,2024-08-31,152278,Promotion
1611,2818,2020-02-12,37257,Promotion
1612,2818,2022-04-10,102733,Promotion
1613,2818,2022-04-07,174294,Hire
1614,2819,2023-03-17,160890,Hire
1615,2820,2021-08-07,161682,Annual Review
1616,2821,2021-03-11,142178,Annual Review
1617,2822,2022-07-10,115952,Annual Review
1618,2823,2024-07-07,169257,Hire
1619,2824,2021-02-03,158611,Hire
1620,2825,2023-06-05,131279,Annual Review
1621,2826,2018-11-28,127154,Annual Review
1622,2827,2021-07-03,157537,Promotion
1623,2827,2019-07-02,122125,Adjustment
1624,2828,2023-04-11,109099,Annual Review
1625,2828,2023-10-22,163969,Annual Review
1626,2828,2023-10-11,130833,Promotion
1627,2829,2022-08-28,49772,Adjustment
1628,2830,2020-02-04,145990,Annual Review
1629,2831,2021-04-04,122091,Annual Review
1630,2831,2019-10-16,178946,Annual Review
1631,2832,2025-07-24,95896,Annual Review
1632,2832,2023-12-14,67822,Annual Review
1633,2833,2023-01-05,137335,Annual Review
1634,2833,2021-10-13,152828,Hire
1635,2833,2021-09-12,157766,Annual Review
1636,2834,2021-10-19,167624,Annual Review
1637,2834,2024-05-29,108331,Annual Review
1638,2834,2023-06-30,171343,Hire
1639,2835,2024-03-28,100651,Annual Review
1640,2835,2024-02-24,136917,Annual Review
1641,2836,2025-02-19,62186,Annual Review
1642,2836,2023-10-11,65267,Annual Review
1643,2836,2024-01-10,74140,Hire
1644,2837,2022-03-28,66748,Hire
1645,2837,2022-08-29,125139,Annual Review
1646,2837,2023-01-18,169909,Hire
1647,2838,2019-10-13,175682,Promotion
1648,2838,2019-08-05,63615,Promotion
1649,2839,2022-10-11,139135,Promotion
1650,2840,2022-08-17,90122,Annual Review
1651,2840,2022-03-19,108086,Annual Review
1652,2840,2022-06-10,63205,Adjustment
1653,2841,2019-12-04,62729,Annual Review
1654,2841,2020-02-16,73585,Hire
1655,2841,2019-08-30,118698,Hire
1656,2842,2023-01-18,64104,Promotion
1657,2842,2022-12-29,49770,Annual Review
1658,2842,2021-11-10,163750,Hire
1659,2843,2021-04-26,157245,Hire
1660,2843,2019-10-01,159011,Adjustment
1661,2844,2024-01-25,90178,Annual Review
1662,2844,2024-05-22,130155,Annual Review
1663,2844,2024-07-07,55828,Annual Review
1664,2845,2023-12-26,179218,Annual Review
1665,2845,2025-06-26,158249,Hire
1666,2846,2021-08-09,49202,Adjustment
1667,2846,2022-01-23,122367,Annual Review
1668,2847,2025-04-29,44849,Adjustment
1669,2847,2024-03-07,113872,Promotion
1670,2847,2024-08-03,70344,Annual Review
1671,2848,2021-02-23,171123,Adjustment
1672,2848,2023-01-01,110604,Hire
1673,2849,2021-01-16,131550,Adjustment
1674,2850,2023-11-15,76182,Adjustment
1675,2850,2024-02-29,151810,Annual Review
1676,2851,2022-05-13,59180,Annual Review
1677,2851,2022-01-29,86372,Promotion
1678,2852,2025-05-20,57163,Hire
1679,2852,2026-02-01,154616,Hire
1680,2852,2025-08-07,67934,Hire
1681,2853,2021-07-01,58039,Adjustment
1682,2854,2022-07-28,124262,Annual Review
1683,2854,2020-06-07,163383,Annual Review
1684,2855,2019-05-14,88158,Annual Review
1685,2855,2020-08-26,170630,Adjustment
1686,2855,2021-01-24,67174,Annual Review
1687,2856,2025-03-01,138381,Hire
1688,2856,2024-10-18,142532,Promotion
1689,2857,2020-12-05,69647,Hire
1690,2857,2022-03-18,92940,Promotion
1691,2857,2021-12-07,166692,Hire
1692,2858,2023-04-03,141566,Promotion
1693,2858,2024-12-03,97395,Annual Review
1694,2858,2025-04-20,85955,Promotion
1695,2859,2023-01-04,88685,Annual Review
1696,2859,2021-09-15,158947,Annual Review
1697,2859,2021-08-19,99783,Hire
1698,2860,2021-07-14,85189,Promotion
1699,2860,2022-01-03,128554,Annual Review
1700,2861,2022-06-20,111089,Annual Review
1701,2861,2022-06-18,175702,Adjustment
1702,2861,2024-05-10,178075,Hire
1703,2862,2023-06-20,121184,Annual Review
1704,2863,2020-07-09,59821,Annual Review
1705,2863,2019-02-02,49601,Annual Review
1706,2863,2018-05-04,147882,Adjustment
1707,2864,2024-04-23,116846,Promotion
1708,2864,2024-10-18,85502,Annual Review
1709,2865,2024-02-16,57098,Hire
1710,2865,2023-06-22,153502,Promotion
1711,2866,2020-03-31,110516,Hire
1712,2866,2022-04-20,79280,Hire
1713,2867,2018-12-11,60979,Adjustment
1714,2867,2018-04-26,51915,Adjustment
1715,2868,2024-01-08,153825,Adjustment
1716,2868,2024-05-08,133902,Annual Review
1717,2869,2022-11-05,70677,Adjustment
1718,2870,2023-12-07,43922,Hire
1719,2870,2022-06-22,131696,Annual Review
1720,2870,2023-02-15,102561,Annual Review
1721,2871,2021-02-28,88380,Annual Review
1722,2872,2024-03-01,156449,Hire
1723,2872,2023-12-16,45935,Promotion
1724,2872,2022-06-26,38784,Promotion
1725,2873,2022-07-13,53069,Promotion
1726,2873,2021-04-10,156185,Annual Review
1727,2873,2022-12-12,70682,Hire
1728,2874,2024-01-07,146547,Annual Review
1729,2875,2025-11-16,112818,Hire
1730,2875,2026-03-06,146269,Hire
1731,2876,2021-01-22,79273,Hire
1732,2877,2021-11-24,108191,Hire
1733,2877,2023-12-30,64461,Hire
1734,2877,2023-02-03,39610,Hire
1735,2878,2023-02-20,173655,Adjustment
1736,2878,2023-12-07,60583,Hire
1737,2879,2024-04-13,41880,Hire
1738,2879,2024-02-22,124257,Hire
1739,2880,2022-05-13,147024,Promotion
1740,2880,2022-10-29,107417,Adjustment
1741,2881,2022-02-10,55077,Hire
1742,2881,2022-03-24,115868,Adjustment
1743,2881,2021-12-13,162430,Promotion
1744,2882,2019-10-15,48229,Hire
1745,2883,2026-02-15,177511,Hire
1746,2883,2024-04-30,37598,Hire
1747,2883,2026-01-11,127297,Promotion
1748,2884,2019-08-19,47741,Promotion
1749,2885,2018-10-21,71288,Annual Review
1750,2886,2022-05-12,50565,Annual Review
1751,2886,2020-08-06,91995,Annual Review
1752,2887,2021-11-13,86656,Hire
1753,2887,2020-03-01,80765,Adjustment
1754,2887,2021-12-31,168086,Annual Review
1755,2888,2019-11-03,149794,Adjustment
1756,2889,2022-04-24,92498,Promotion
1757,2890,2019-08-07,158675,Promotion
1758,2891,2024-05-20,163236,Adjustment
1759,2891,2026-05-12,52916,Hire
1760,2891,2024-07-22,75376,Annual Review
1761,2892,2022-02-10,145713,Annual Review
1762,2893,2021-08-25,120566,Hire
1763,2894,2020-11-28,122519,Hire
1764,2894,2019-10-26,47437,Annual Review
1765,2895,2024-01-20,62618,Annual Review
1766,2895,2023-03-30,44705,Annual Review
1767,2895,2024-03-21,115912,Hire
1768,2896,2023-12-10,79379,Promotion
1769,2896,2023-09-03,87682,Annual Review
1770,2896,2024-07-11,140894,Annual Review
1771,2897,2025-10-12,95384,Promotion
1772,2897,2024-10-12,165512,Adjustment
1773,2898,2022-04-06,167907,Hire
1774,2899,2018-08-27,160007,Annual Review
1775,2899,2020-10-21,175251,Annual Review
1776,2899,2019-04-22,129440,Annual Review
1777,2900,2022-05-22,46955,Annual Review
1778,2900,2022-08-09,173270,Hire
1779,2901,2023-03-25,79588,Adjustment
1780,2902,2021-01-15,131626,Hire
1781,2902,2021-01-17,104874,Promotion
1782,2902,2020-03-17,150117,Annual Review
1783,2903,2019-08-19,179856,Promotion
1784,2903,2020-10-11,102959,Promotion
1785,2904,2021-04-12,167645,Promotion
1786,2905,2025-08-11,83555,Hire
1787,2905,2025-03-14,171248,Annual Review
1788,2905,2024-07-27,157082,Adjustment
1789,2906,2021-02-26,60379,Adjustment
1790,2907,2024-03-25,53368,Promotion
1791,2907,2023-06-13,139302,Promotion
1792,2908,2020-06-11,78327,Hire
1793,2908,2021-05-04,128787,Promotion
1794,2908,2020-01-13,66977,Adjustment
1795,2909,2022-10-31,41714,Annual Review
1796,2910,2024-09-21,112237,Hire
1797,2911,2024-06-30,128052,Promotion
1798,2912,2021-01-28,149742,Promotion
1799,2913,2023-08-07,103446,Promotion
1800,2914,2026-03-11,96516,Promotion
1801,2914,2025-11-27,160223,Promotion
1802,2914,2026-04-01,118521,Hire
1803,2915,2019-09-10,106366,Hire
1804,2915,2019-08-11,75888,Annual Review
1805,2916,2020-11-28,133474,Adjustment
1806,2916,2021-02-28,164986,Promotion
1807,2916,2020-08-04,103345,Hire
1808,2917,2022-04-13,157617,Promotion
1809,2917,2024-01-10,94117,Promotion
1810,2918,2021-04-08,38991,Hire
1811,2918,2020-03-04,58519,Promotion
1812,2918,2019-11-01,61657,Annual Review
1813,2919,2023-05-28,117049,Promotion
1814,2919,2022-12-27,52801,Hire
1815,2919,2021-08-29,74566,Promotion
1816,2920,2024-11-14,165794,Hire
1817,2920,2024-10-12,171208,Annual Review
1818,2921,2020-04-12,52421,Hire
1819,2921,2020-12-11,113027,Promotion
1820,2922,2019-12-13,106439,Annual Review
1821,2922,2021-12-11,51406,Promotion
1822,2922,2019-06-01,165209,Annual Review
1823,2923,2021-01-14,69173,Hire
1824,2923,2020-09-20,90619,Adjustment
1825,2924,2024-05-04,142071,Promotion
1826,2924,2024-07-19,173995,Promotion
1827,2924,2026-01-16,69374,Hire
1828,2925,2023-04-01,99368,Adjustment
1829,2925,2024-02-16,43316,Annual Review
1830,2926,2022-03-30,45556,Annual Review
1831,2926,2021-12-23,176130,Annual Review
1832,2926,2022-09-17,139554,Promotion
1833,2927,2021-03-25,79494,Hire
1834,2927,2020-10-25,119671,Annual Review
1835,2927,2021-02-22,67481,Adjustment
1836,2928,2024-11-01,75431,Hire
1837,2928,2024-08-24,99459,Annual Review
1838,2929,2023-03-03,158311,Hire
1839,2929,2023-07-03,155327,Annual Review
1840,2930,2021-08-30,169295,Annual Review
1841,2930,2021-06-26,75149,Adjustment
1842,2930,2020-11-28,47863,Adjustment
1843,2931,2023-04-13,57499,Annual Review
1844,2932,2020-01-10,124218,Annual Review
1845,2933,2024-09-30,161272,Promotion
1846,2934,2024-03-07,115096,Annual Review
1847,2934,2025-04-04,45633,Adjustment
1848,2935,2023-11-22,38996,Promotion
1849,2935,2022-12-25,166086,Adjustment
1850,2936,2021-03-06,92251,Annual Review
1851,2936,2019-09-23,155162,Annual Review
1852,2936,2019-08-21,61321,Hire
1853,2937,2021-08-20,75131,Annual Review
1854,2937,2020-10-16,170282,Hire
1855,2937,2021-01-21,150663,Adjustment
1856,2938,2021-11-25,118605,Hire
1857,2938,2020-07-27,69851,Promotion
1858,2938,2022-11-17,61865,Hire
1859,2939,2024-12-04,170230,Adjustment
1860,2939,2024-08-18,156497,Annual Review
1861,2939,2023-08-30,92852,Annual Review
1862,2940,2026-08-29,55572,Adjustment
1863,2940,2023-11-16,170172,Promotion
1864,2940,,116061,Hire
1865,2941,2023-03-17,53456,Annual Review
1866,2941,2023-05-05,90803,Promotion
1867,2942,2022-04-13,71232,Promotion
1868,2942,2021-05-20,102323,Annual Review
1869,2943,2026-08-21,51092,Annual Review
1870,2944,2024-11-30,166024,Annual Review
1871,2945,2022-10-07,48068,Annual Review
1872,2946,2021-09-03,150729,Annual Review
1873,2946,2021-09-21,111593,Promotion
1874,2947,2022-11-03,98372,Adjustment
1875,2947,2023-11-08,102562,Promotion
1876,2948,2023-10-07,163088,Annual Review
1877,2948,2024-02-18,131458,Promotion
1878,2948,2025-02-14,173161,Annual Review
1879,2949,2025-01-31,47043,Promotion
1880,2949,2024-08-15,101572,Hire
1881,2950,2024-11-07,159218,Annual Review
1882,2951,2022-10-16,121700,Promotion
1883,2952,2022-04-11,152957,Hire
1884,2952,2023-04-21,41122,Adjustment
1885,2953,2020-12-15,148993,Annual Review
1886,2953,2022-04-08,122630,Annual Review
1887,2953,2021-02-12,112228,Hire
1888,2954,2023-01-04,36767,Annual Review
1889,2954,2022-11-21,39708,Hire
1890,2954,2023-04-13,92999,Promotion
1891,2955,2021-10-17,63082,Annual Review
1892,2955,2022-04-05,69024,Annual Review
1893,2955,2021-05-09,58461,Hire
1894,2956,2022-03-12,117628,Annual Review
1895,2956,,139720,Annual Review
1896,2957,2023-07-21,145632,Hire
1897,2957,2025-09-27,125577,Annual Review
1898,2958,2024-12-14,135017,Annual Review
1899,2959,2023-02-16,174380,Annual Review
1900,2959,2022-11-07,78441,Annual Review
1901,2960,2019-03-15,115865,Adjustment
1902,2960,2018-07-16,48882,Hire
1903,2960,2018-08-06,149883,Hire
1904,2961,2019-10-11,130515,Hire
1905,2961,2018-11-30,145625,Promotion
1906,2961,2019-07-20,160934,Promotion
1907,2962,2022-05-19,140065,Annual Review
1908,2962,2024-01-19,112027,Annual Review
1909,2962,2022-04-26,74530,Promotion
1910,2963,2018-08-10,175944,Promotion
1911,2963,2021-02-09,93694,Hire
1912,2963,2019-04-02,122193,Adjustment
1913,2964,2025-05-13,51685,Hire
1914,2964,2024-12-12,177405,Annual Review
1915,2964,2024-04-24,151254,Hire
1916,2965,2021-05-26,75584,Annual Review
1917,2966,2022-09-29,46344,Hire
1918,2966,2023-02-17,149491,Annual Review
1919,2967,2020-12-29,142107,Annual Review
1920,2967,2019-05-18,168015,Promotion
1921,2967,2020-02-02,147319,Annual Review
1922,2968,2021-06-28,43348,Annual Review
1923,2968,2022-11-11,120030,Hire
1924,2969,2021-06-22,139565,Hire
1925,2969,2020-12-02,53640,Promotion
1926,2969,2020-11-27,70402,Annual Review
1927,2970,2022-11-25,167963,Hire
1928,2971,2024-02-11,165988,Hire
1929,2971,2022-02-08,176755,Promotion
1930,2972,2020-05-08,135274,Annual Review
1931,2973,2021-07-18,97661,Annual Review
1932,2973,2022-12-19,122738,Promotion
1933,2974,2026-07-05,47857,Promotion
1934,2975,2021-07-01,90900,Annual Review
1935,2975,2021-07-28,66460,Annual Review
1936,2976,2020-03-16,175904,Hire
1937,2977,2019-06-18,47626,Hire
1938,2978,2025-03-22,131939,Promotion
1939,2979,2024-08-28,51333,Promotion
1940,2979,2024-04-30,70120,Promotion
1941,2979,2024-09-03,128621,Promotion
1942,2980,2020-08-17,91843,Annual Review
1943,2981,2021-10-17,79935,Promotion
1944,2981,2019-10-09,57507,Annual Review
1945,2982,2022-10-30,119271,Promotion
1946,2983,2023-01-13,144619,Promotion
1947,2983,2022-04-11,70470,Promotion
1948,2984,2021-11-07,96407,Hire
1949,2984,2021-11-30,88821,Hire
1950,2985,2020-10-14,41654,Promotion
1951,2985,2021-07-14,147259,Hire
1952,2985,2021-10-21,123264,Hire
1953,2986,2023-02-26,62446,Hire
1954,2986,2022-07-06,130515,Hire
1955,2986,2023-09-07,83484,Annual Review
1956,2987,2024-04-01,149824,Promotion
1957,2987,2022-05-07,39225,Promotion
1958,2987,2021-10-14,159098,Promotion
1959,2988,2019-09-16,46721,Hire
1960,2988,2020-12-04,168659,Annual Review
1961,2989,2024-03-09,74437,Hire
1962,2989,2025-06-22,114837,Adjustment
1963,2989,2023-10-12,133215,Promotion
1964,2990,2020-08-04,76168,Adjustment
1965,2990,2021-05-29,137114,Promotion
1966,2991,2020-09-09,173480,Annual Review
1967,2992,2024-02-16,159887,Annual Review
1968,2992,2022-06-13,177127,Annual Review
1969,2993,2025-05-28,52752,Annual Review
1970,2994,2020-09-27,169872,Promotion
1971,2994,2022-09-04,101573,Hire
1972,2995,2026-01-23,61866,Promotion
1973,2995,2024-12-08,35992,Hire
1974,2995,2025-05-21,58696,Annual Review
1975,2996,2020-11-26,133697,Annual Review
1976,2996,2021-10-27,108541,Annual Review
1977,2996,2021-01-22,87838,Annual Review
1978,2997,2023-04-23,117277,Annual Review
1979,2998,2019-03-20,52565,Adjustment
1980,2999,2023-08-23,156559,Annual Review
1981,2999,2023-09-09,47094,Annual Review
1982,3000,2020-05-11,81647,Promotion
1983,3001,2021-05-06,166226,Annual Review
1984,3001,2020-06-19,130798,Annual Review
1985,3001,2019-03-31,143050,Promotion
1986,3002,2022-08-30,172366,Annual Review
1987,3002,2022-04-15,44574,Annual Review
1988,3002,2024-06-04,70183,Annual Review
1989,3003,2023-06-23,92194,Hire
1990,3003,2024-03-02,61082,Annual Review
1991,3003,2023-07-14,143371,Annual Review
1992,3004,2024-12-28,67143,Annual Review
1993,3005,2023-01-31,93414,Promotion
1994,3006,2020-09-07,59715,Annual Review
1995,3006,2021-04-08,107934,Promotion
1996,3006,2022-02-20,47202,Annual Review
1997,3007,2022-02-25,111848,Adjustment
1998,3008,2020-12-04,179699,Adjustment
1999,3008,2019-05-01,86069,Annual Review
2000,3008,2019-04-07,75409,Adjustment
2001,3009,2023-01-17,129022,Hire
2002,3009,2022-09-17,146689,Annual Review
2003,3010,2019-10-13,36611,Annual Review
2004,3011,2024-04-29,53462,Hire
2005,3011,2023-08-11,124299,Promotion
2006,3012,2024-01-09,117273,Hire
2007,3012,2025-02-08,114397,Hire
2008,3012,2024-02-07,87788,Hire
2009,3013,2020-11-27,122964,Hire
2010,3014,2024-04-08,101247,Annual Review
2011,3015,2020-08-02,45924,Promotion
2012,3015,2021-11-25,50921,Annual Review
2013,3015,2022-04-01,153960,Annual Review
2014,3016,2022-05-08,139748,Adjustment
2015,3016,2024-04-20,143988,Hire
2016,3017,2026-04-04,161078,Hire
2017,3017,2024-06-08,168140,Promotion
2018,3017,2023-10-23,74927,Hire
2019,3018,2022-05-22,140148,Annual Review
2020,3018,2022-08-17,65539,Hire
2021,3018,2022-08-30,46683,Annual Review
2022,3019,2022-03-27,87703,Annual Review
2023,3019,2022-01-07,93810,Hire
2024,3019,2019-12-29,121111,Annual Review
2025,3020,2020-06-18,177189,Annual Review
2026,3020,2018-11-13,38665,Annual Review
2027,3021,2022-10-20,109884,Annual Review
2028,3021,2023-03-25,98887,Promotion
2029,3021,2022-11-14,90541,Hire
2030,3022,2023-08-27,129319,Annual Review
2031,3022,2024-05-25,42882,Hire
2032,3022,2025-02-05,105825,Adjustment
2033,3023,2025-08-21,75566,Hire
2034,3023,2025-09-01,132519,Annual Review
2035,3023,2026-07-03,118081,Promotion
2036,3024,2019-06-10,144337,Annual Review
2037,3024,2021-04-23,50362,Annual Review
2038,3025,2021-01-27,48783,Annual Review
2039,3025,2023-02-01,169626,Hire
2040,3025,2022-01-13,53773,Hire
2041,3026,2023-03-30,80640,Annual Review
2042,3026,2023-01-23,81969,Hire
2043,3026,2024-03-10,77986,Promotion
2044,3027,2021-07-26,151180,Hire
2045,3027,2022-08-20,42585,Adjustment
2046,3028,2023-04-11,51838,Annual Review
2047,3028,2024-04-25,58107,Promotion
2048,3028,2024-09-21,137678,Hire
2049,3029,2021-05-14,101520,Promotion
2050,3029,2022-01-25,52344,Annual Review
2051,3030,2019-10-16,135086,Hire
2052,3030,2019-10-07,49959,Hire
2053,3030,2022-04-27,167941,Hire
2054,3031,2022-04-21,65268,Annual Review
2055,3032,2021-01-26,179622,Annual Review
2056,3033,2024-05-04,171774,Promotion
2057,3033,2024-04-09,113563,Annual Review
2058,3034,2020-03-18,59459,Hire
2059,3035,2024-08-28,172104,Annual Review
2060,3035,2023-06-16,36825,Annual Review
2061,3035,2023-12-30,161187,Promotion
2062,3036,2022-11-10,95109,Annual Review
2063,3036,2023-03-25,47470,Hire
2064,3036,2022-08-17,38770,Promotion
2065,3037,2021-07-14,166101,Annual Review
2066,3038,2025-06-03,148806,Annual Review
2067,3038,2023-09-13,43806,Hire
2068,3038,2022-10-14,67162,Promotion
2069,3039,2024-04-22,62702,Annual Review
2070,3040,2024-02-09,42739,Hire
2071,3040,2024-08-17,59599,Annual Review
2072,3041,2020-09-29,131683,Annual Review
2073,3041,2021-03-31,103446,Promotion
2074,3042,2019-11-25,118890,Annual Review
2075,3042,2020-11-18,58039,Annual Review
2076,3042,2021-01-03,161021,Hire
2077,3043,2023-08-10,132367,Promotion
2078,3043,2024-09-08,78884,Annual Review
2079,3044,2022-03-05,80819,Hire
2080,3044,2022-06-25,118162,Annual Review
2081,3044,2022-11-14,179126,Adjustment
2082,3045,2024-06-24,142789,Adjustment
2083,3045,2026-03-31,87018,Annual Review
2084,3045,2025-02-25,61250,Annual Review
2085,3046,2023-11-28,112391,Hire
2086,3046,2023-02-12,73921,Annual Review
2087,3047,2020-06-15,132400,Annual Review
2088,3047,2020-05-05,131847,Adjustment
2089,3048,2023-12-18,111340,Promotion
2090,3048,2026-02-06,148049,Annual Review
2091,3049,2021-09-26,149604,Hire
2092,3049,2022-11-27,82201,Hire
2093,3050,2021-11-13,117160,Adjustment
2094,3050,2022-11-21,45796,Hire
2095,3050,2023-02-21,58238,Annual Review
2096,3051,2020-07-21,75883,Annual Review
2097,3052,2021-09-27,120478,Promotion
2098,3052,2022-07-17,104396,Promotion
2099,3053,2024-01-20,39447,Hire
2100,3054,2021-11-17,170921,Annual Review
2101,3054,2024-05-18,140471,Hire
2102,3055,2019-09-19,95977,Hire
2103,3055,2020-05-26,123325,Promotion
2104,3055,2020-08-13,163422,Hire
2105,3056,2022-01-12,50689,Hire
2106,3056,2020-03-14,152537,Hire
2107,3056,2021-07-28,85344,Annual Review
2108,3057,2022-11-21,102891,Hire
2109,3057,2025-02-22,132464,Annual Review
2110,3058,2025-02-21,115312,Hire
2111,3058,2022-11-27,62014,Annual Review
2112,3059,2022-06-05,133557,Annual Review
2113,3059,2023-10-03,169729,Annual Review
2114,3059,2024-11-12,124422,Hire
2115,3060,2023-06-27,167099,Hire
2116,3060,2023-07-06,151854,Adjustment
2117,3061,2021-04-10,114317,Hire
2118,3061,2022-09-24,50120,Annual Review
2119,3061,2020-06-19,124825,Annual Review
2120,3062,2024-02-13,105325,Annual Review
2121,3062,2024-06-01,168984,Annual Review
2122,3063,2022-03-18,49332,Hire
2123,3063,2022-06-11,112795,Annual Review
2124,3064,2020-11-29,142716,Annual Review
2125,3065,2022-06-02,121649,Promotion
2126,3065,2023-08-01,56643,Annual Review
2127,3065,2022-04-26,98128,Promotion
2128,3066,2021-12-04,105220,Promotion
2129,3066,2022-03-26,87784,Promotion
2130,3066,2021-12-05,122893,Annual Review
2131,3067,2022-10-31,179199,Annual Review
2132,3067,2024-10-10,151101,Annual Review
2133,3068,2025-04-30,52401,Promotion
2134,3068,2025-06-18,136958,Hire
2135,3068,2024-06-17,147046,Annual Review
2136,3069,2021-08-01,46971,Adjustment
2137,3070,2025-08-21,159768,Promotion
2138,3070,2023-12-11,51565,Annual Review
2139,3070,2024-12-12,41829,Annual Review
2140,3071,2019-05-26,111023,Annual Review
2141,3072,2021-08-05,116823,Annual Review
2142,3072,2021-06-25,73941,Adjustment
2143,3073,2021-06-22,146539,Annual Review
2144,3073,2022-07-17,44176,Hire
2145,3074,2024-08-16,86516,Annual Review
2146,3074,2025-01-31,132368,Annual Review
2147,3075,2022-09-29,160670,Hire
2148,3075,2019-11-08,117045,Hire
2149,3076,2019-12-20,153903,Annual Review
2150,3077,2021-03-21,60789,Promotion
2151,3078,2020-07-08,123623,Annual Review
2152,3079,2022-11-25,87282,Annual Review
2153,3079,2023-01-08,68464,Annual Review
2154,3080,2021-12-09,76994,Hire
2155,3080,2021-09-15,142309,Annual Review
2156,3080,2020-05-01,158189,Hire
2157,3081,2023-11-08,60594,Hire
2158,3082,2019-04-17,140021,Annual Review
2159,3082,2021-01-24,63386,Annual Review
2160,3082,2021-01-05,101652,Hire
2161,3083,2022-05-03,148483,Annual Review
2162,3084,2021-01-17,171659,Hire
2163,3085,2023-10-12,124792,Promotion
2164,3086,2024-04-20,41088,Annual Review
2165,3086,2023-09-02,135649,Adjustment
2166,3087,2024-06-08,176615,Hire
2167,3088,2018-07-06,72203,Hire
2168,3088,2019-07-02,51220,Hire
2169,3089,2022-03-16,81381,Hire
2170,3090,2022-12-18,166148,Adjustment
2171,3091,2022-10-28,58471,Adjustment
2172,3092,2022-08-17,129673,Hire
2173,3092,2022-01-18,59440,Promotion
2174,3092,2022-06-20,46862,Hire
2175,3093,2026-05-09,142848,Annual Review
2176,3093,2026-08-19,56788,Annual Review
2177,3094,2021-03-20,105185,Annual Review
2178,3094,2021-02-27,165683,Promotion
2179,3094,2022-12-14,173896,Hire
2180,3095,2026-02-25,42799,Annual Review
2181,3096,2021-10-25,120406,Annual Review
2182,3097,2018-11-02,158699,Promotion
2183,3097,2020-04-03,43614,Adjustment
2184,3097,2021-01-14,60147,Adjustment
2185,3098,2024-06-08,141210,Hire
2186,3098,2025-01-14,55914,Annual Review
2187,3099,2024-06-22,123589,Promotion
2188,3099,2024-07-03,114017,Hire
2189,3100,2019-02-05,162767,Promotion
2190,3100,2020-06-17,144418,Hire
2191,3100,2021-03-15,90505,Hire
2192,3101,2022-09-07,157952,Annual Review
2193,3101,2023-06-24,35146,Hire
2194,3101,2023-04-01,144822,Hire
2195,3102,2020-09-16,37594,Annual Review
2196,3102,2020-02-24,111610,Adjustment
2197,3102,2022-06-26,157524,Hire
2198,3103,2019-10-10,96797,Promotion
2199,3103,2020-12-06,78937,Annual Review
2200,3104,2021-07-16,95051,Hire
2201,3104,2021-12-04,112903,Annual Review
2202,3104,2024-01-08,111990,Hire
2203,3105,2022-11-13,103951,Hire
2204,3106,2022-01-14,160341,Hire
2205,3106,2022-12-25,161822,Promotion
2206,3107,2019-07-19,150694,Adjustment
2207,3108,2023-09-23,72459,Hire
2208,3109,2020-11-25,119985,Hire
2209,3109,2020-05-07,123295,Annual Review
2210,3110,2019-10-26,144903,Annual Review
2211,3110,2019-01-27,73875,Promotion
2212,3111,2023-09-10,131500,Promotion
2213,3111,2025-03-16,96826,Hire
2214,3111,2024-12-06,159628,Annual Review
2215,3112,2021-10-10,113845,Hire
2216,3112,2021-11-27,135965,Hire
2217,3113,2022-04-03,155853,Promotion
2218,3113,2024-03-05,68043,Annual Review
2219,3114,2021-09-13,88906,Hire
2220,3114,2021-05-10,46137,Annual Review
2221,3114,2019-11-20,64350,Promotion
2222,3115,2018-06-26,165119,Hire
2223,3115,2020-08-30,45165,Hire
2224,3115,2018-10-14,166866,Hire
2225,3116,2023-05-15,171942,Promotion
2226,3116,2024-03-16,133893,Adjustment
2227,3116,2022-02-18,65736,Hire
2228,3117,2023-04-29,93084,Hire
2229,3117,2023-06-19,51211,Annual Review
2230,3118,2023-03-05,173449,Annual Review
2231,3118,2022-10-07,174933,Annual Review
2232,3119,2025-01-11,113488,Hire
2233,3119,2023-05-23,162870,Annual Review
2234,3120,2024-06-07,53277,Annual Review
2235,3120,2025-01-31,118762,Hire
2236,3121,2020-11-18,117246,Hire
2237,3122,2023-10-24,62802,Hire
2238,3122,2021-12-15,157794,Annual Review
2239,3122,2021-09-08,173572,Hire
2240,3123,2025-01-03,165305,Annual Review
2241,3124,2024-02-04,93812,Promotion
2242,3124,2024-10-23,42826,Promotion
2243,3124,2025-05-30,44201,Annual Review
2244,3125,2020-04-07,156471,Hire
2245,3126,2022-11-01,115641,Promotion
2246,3126,2021-05-16,93418,Hire
2247,3127,2022-06-27,76541,Annual Review
2248,3127,2020-09-16,105422,Hire
2249,3128,2024-05-29,155965,Annual Review
2250,3128,2024-07-05,76607,Annual Review
2251,3129,2023-08-07,147117,Promotion
2252,3130,2018-09-24,49450,Annual Review
2253,3130,2019-09-16,40618,Annual Review
2254,3131,2020-11-04,63794,Annual Review
2255,3132,2022-11-19,50161,Adjustment
2256,3132,2022-04-30,170230,Promotion
2257,3132,2023-04-12,158612,Hire
2258,3133,2025-10-25,172805,Annual Review
2259,3133,2024-03-04,134961,Hire
2260,3134,2023-08-06,175401,Promotion
2261,3134,2022-10-05,88105,Annual Review
2262,3135,2022-07-15,163379,Promotion
2263,3136,2026-06-07,127635,Annual Review
2264,3136,2024-06-16,104579,Hire
2265,3137,2024-02-09,133901,Promotion
2266,3137,2022-11-30,160056,Promotion
2267,3137,2022-09-01,135628,Promotion
2268,3138,2020-04-26,46231,Annual Review
2269,3139,2019-02-08,169400,Annual Review
2270,3139,2018-07-06,60261,Promotion
2271,3140,2024-03-05,169352,Hire
2272,3140,2023-11-20,38590,Promotion
2273,3140,2023-10-21,151726,Adjustment
2274,3141,2024-08-30,122542,Annual Review
2275,3141,2024-03-11,48570,Annual Review
2276,3141,2022-10-19,44533,Promotion
2277,3142,2022-07-30,160890,Annual Review
2278,3142,2023-12-27,179438,Annual Review
2279,3143,2021-10-28,69798,Hire
2280,3144,2022-03-27,57849,Adjustment
2281,3144,2022-05-08,172229,Annual Review
2282,3145,2024-12-24,64030,Promotion
2283,3146,2022-12-28,161026,Adjustment
2284,3146,2022-03-31,155398,Promotion
2285,3147,2020-06-29,43164,Hire
2286,3147,2020-08-27,36119,Annual Review
2287,3148,2023-04-12,80162,Hire
2288,3149,2024-10-19,124074,Annual Review
2289,3150,2019-06-20,64738,Annual Review
2290,3150,2019-03-12,81921,Annual Review
2291,3150,2020-01-25,157448,Hire
2292,3151,2023-04-02,96068,Annual Review
2293,3151,2023-01-09,58581,Hire
2294,3152,2023-03-16,56485,Annual Review
2295,3153,2020-10-03,71294,Hire
2296,3153,2021-06-01,88001,Annual Review
2297,3154,2023-01-25,78969,Annual Review
2298,3154,2023-10-21,35093,Hire
2299,3154,2024-09-12,63370,Promotion
2300,3155,2024-09-07,51472,Promotion
2301,3155,2024-01-03,53934,Adjustment
2302,3155,2025-01-23,74125,Annual Review
2303,3156,2020-06-10,74103,Hire
2304,3156,2020-01-10,123705,Hire
2305,3157,2021-03-06,112492,Annual Review
2306,3157,2021-04-09,93024,Hire
2307,3157,2020-02-15,61207,Annual Review
2308,3158,2023-10-18,83960,Adjustment
2309,3158,2024-12-01,96262,Adjustment
2310,3158,2023-12-03,132155,Annual Review
2311,3159,2026-04-12,143182,Hire
2312,3159,2024-03-16,134132,Adjustment
2313,3160,2023-05-18,107706,Annual Review
2314,3160,2023-04-21,64968,Promotion
2315,3160,2022-05-22,77517,Hire
2316,3161,2023-10-11,164282,Hire
2317,3161,2023-01-25,80984,Hire
2318,3161,2023-02-26,177121,Hire
2319,3162,2022-04-13,156854,Hire
2320,3162,2021-04-25,170727,Adjustment
2321,3163,2022-03-02,125638,Hire
2322,3163,2020-02-17,103972,Hire
2323,3163,2021-09-08,56432,Adjustment
2324,3164,2024-06-01,100896,Hire
2325,3164,2024-03-18,140035,Hire
2326,3165,2023-01-30,48750,Adjustment
2327,3165,2023-07-27,62987,Annual Review
2328,3166,2022-08-16,137995,Hire
2329,3166,2023-07-20,61165,Annual Review
2330,3167,2024-01-30,59346,Annual Review
2331,3167,2025-04-07,38514,Hire
2332,3168,2019-08-28,62559,Adjustment
2333,3168,2020-01-26,136223,Annual Review
2334,3168,2021-01-26,94207,Annual Review
2335,3169,2021-02-05,166465,Hire
2336,3169,2022-09-05,59881,Hire
2337,3170,2022-03-19,93308,Annual Review
2338,3170,2020-08-10,145515,Adjustment
2339,3171,2021-12-01,107031,Hire
2340,3171,2021-09-09,140257,Annual Review
2341,3171,2022-10-16,121973,Annual Review
2342,3172,2021-10-18,167785,Promotion
2343,3173,2022-11-06,97160,Hire
2344,3174,2024-05-31,115729,Promotion
2345,3174,2026-06-12,95843,Promotion
2346,3174,2026-02-10,115169,Annual Review
2347,3175,2021-09-23,61730,Hire
2348,3176,2024-06-05,107981,Hire
2349,3176,2025-08-29,100573,Promotion
2350,3176,2024-10-28,66076,Promotion
2351,3177,,161283,Annual Review
2352,3177,2021-11-19,60094,Annual Review
2353,3177,2020-11-10,45555,Promotion
2354,3178,2020-04-15,163061,Annual Review
2355,3179,2023-10-05,156432,Hire
2356,3179,2023-11-28,170787,Hire
2357,3179,2023-05-28,165694,Promotion
2358,3180,2020-05-18,136173,Hire
2359,3180,2020-06-21,132858,Annual Review
2360,3180,2020-12-20,136980,Annual Review
2361,3181,2026-09-10,161652,Adjustment
2362,3181,2025-06-05,73458,Annual Review
2363,3182,2019-10-09,133538,Promotion
2364,3182,2019-07-13,169212,Promotion
2365,3182,2021-05-05,146201,Promotion
2366,3183,2020-04-05,122008,Promotion
2367,3183,2022-08-24,46377,Adjustment
2368,3184,2022-02-22,159403,Promotion
2369,3184,2023-08-06,92487,Hire
2370,3185,2021-10-08,102639,Adjustment
2371,3186,2019-11-14,138429,Promotion
2372,3186,2019-05-11,168993,Hire
2373,3186,2021-04-24,165904,Annual Review
2374,3187,2022-10-02,120293,Annual Review
2375,3187,2023-10-18,65328,Promotion
2376,3187,2022-12-09,58138,Hire
2377,3188,2023-08-13,178166,Hire
2378,3188,2023-01-02,44028,Hire
2379,3189,2024-02-15,78819,Promotion
2380,3189,2024-05-03,123627,Hire
2381,3190,2023-12-05,40312,Hire
2382,3191,2024-02-03,137126,Hire
2383,3191,2024-10-18,79390,Hire
2384,3192,2021-07-11,84956,Hire
2385,3192,2021-09-01,134379,Annual Review
2386,3193,2020-10-09,128196,Hire
2387,3193,2022-06-04,44605,Adjustment
2388,3193,2020-09-22,131185,Hire
2389,3194,2021-04-14,151351,Annual Review
2390,3195,2019-09-17,107964,Hire
2391,3195,2019-11-06,37420,Hire
2392,3195,2020-04-13,119448,Annual Review
2393,3196,2022-02-24,124897,Annual Review
2394,3196,2021-08-16,62728,Annual Review
2395,3197,2021-01-03,92858,Annual Review
2396,3197,2021-03-14,141716,Hire
2397,3197,2020-03-14,111992,Promotion
2398,3198,2019-05-04,135282,Annual Review
2399,3198,2021-04-03,178747,Annual Review
2400,3199,2023-11-19,132677,Annual Review
2401,3199,2021-05-24,95049,Promotion
2402,3199,2022-01-05,75213,Hire
2403,3200,2021-07-18,52585,Annual Review
1,2001,2024-03-23,139971,Adjustment